file,MRM-1611_major_2012-03-01 10:28:30,MRM-1167_major_2009-05-24 07:20:59,MRM-1230_major_2009-10-08 10:01:32,MRM-1173_major_2011-10-04 13:59:23,MRM-1228_major_2009-11-22 12:23:00,MRM-1066_blocker_2010-05-20 13:39:44,MRM-1421_major_2010-12-15 03:39:46,MRM-1356_major_2010-03-05 06:42:52,MRM-1232_major_2009-08-13 07:16:35,MRM-813_major_2014-10-17 22:23:47,MRM-1644_major_2012-07-20 21:37:00,MRM-1176_major_2009-05-24 10:58:49,MRM-836_major_2009-05-24 10:58:49,MRM-1303_major_2010-11-05 11:22:06,MRM-1240_major_2009-09-10 13:50:40,MRM-1033_major_2009-11-20 08:41:50,MRM-1238_major_2009-09-10 15:14:48,MRM-1278_major_2009-11-19 09:51:03,MRM-1321_major_2010-04-02 11:18:43,MRM-1151_minor_2009-08-18 11:41:29,MRM-1239_blocker_2009-08-27 06:40:37,MRM-1246_major_2009-10-12 04:29:06,MRM-1625_major_2012-04-19 09:17:44
archiva-modules/archiva-base/archiva-repository-layer/src/main/java/org/apache/maven/archiva/repository/RepositoryContentFactory.java,0,0,0,0,0,0,0,0,0,0,0,0,0,0,0,0,0,0,0,0,0,0,0
archiva-modules/archiva-base/archiva-indexer/src/main/java/org/apache/archiva/indexer/util/SearchUtil.java,0,0,0,0,0,0,0,0,0,0,0,0,0,0,0,0,0,0,0,0,0,0,0
archiva-modules/archiva-base/archiva-consumers/archiva-database-consumers/src/main/java/org/apache/maven/archiva/consumers/database/ProjectModelToDatabaseConsumer.java,0,0,0,0,0,0,0,0,0,0,0,0,0,0,0,0,0,0,0,0,0,0,0
archiva-modules/archiva-base/archiva-repository-layer/src/main/java/org/apache/maven/archiva/repository/project/ProjectModelReader.java,0,0,0,0,0,0,0,0,0,0,0,0,0,0,0,0,0,0,0,0,0,0,0
archiva-modules/archiva-base/archiva-repository-layer/src/main/java/org/apache/maven/archiva/repository/project/resolvers/ManagedRepositoryProjectResolver.java,0,0,0,0,0,0,0,0,0,0,0,0,0,0,0,0,0,0,0,0,0,0,0
archiva-cli/src/main/java/org/apache/maven/archiva/cli/ArtifactCountConsumer.java,0,0,0,0,0,0,0,0,0,0,0,0,0,0,0,0,0,0,0,0,0,0,0
archiva-cli/src/main/java/org/apache/maven/archiva/cli/ProjectReaderConsumer.java,0,0,0,0,0,0,0,0,0,0,0,0,0,0,0,0,0,0,0,0,0,0,0
archiva-modules/archiva-base/archiva-artifact-converter/src/main/java/org/apache/maven/archiva/converter/artifact/ArtifactConverter.java,0,0,0,0,0,0,0,0,0,0,0,0,0,0,0,0,0,0,0,0,0,0,0
archiva-modules/archiva-base/archiva-artifact-converter/src/main/java/org/apache/maven/archiva/converter/artifact/LegacyToDefaultConverter.java,0,0,0,0,0,0,0,0,0,0,0,0,0,0,0,0,0,0,0,0,0,0,0
archiva-modules/archiva-database/src/main/java/org/apache/maven/archiva/database/ArtifactDAO.java,0,0,0,0,0,0,0,0,0,0,0,0,0,0,0,0,0,0,0,0,0,0,0
archiva-modules/archiva-database/src/main/java/org/apache/maven/archiva/database/RepositoryProblemDAO.java,0,0,0,0,0,0,0,0,0,0,0,0,0,0,0,0,0,0,0,0,0,0,0
archiva-modules/archiva-reporting/archiva-artifact-reports/src/main/java/org/apache/maven/archiva/reporting/artifact/LocationArtifactsConsumer.java,0,0,0,0,0,0,0,0,0,0,0,0,0,0,0,0,0,0,0,0,0,0,0
archiva-modules/archiva-web/archiva-applet/src/main/java/org/apache/maven/archiva/applet/ChecksumApplet.java,0,0,0,0,0,0,0,0,0,0,0,0,0,0,0,0,0,0,0,0,0,0,0
archiva-modules/archiva-web/archiva-xmlrpc/archiva-xmlrpc-services/src/main/java/org/apache/archiva/web/xmlrpc/services/AdministrationServiceImpl.java,0,0,0,0,0,0,0,0,0,0,0,0,0,0,0,0,0,0,0,0,0,0,0
archiva-modules/archiva-base/archiva-consumers/archiva-lucene-consumers/src/main/java/org/apache/archiva/consumers/lucene/LuceneCleanupRemoveIndexedConsumer.java,0,0,0,0,0,0,0,0,0,0,0,0,0,0,0,0,0,0,0,0,0,0,0
archiva-modules/archiva-base/archiva-indexer/src/main/java/org/apache/archiva/indexer/search/SearchResultHit.java,0,0,0,0,0,0,0,0,0,0,0,0,0,0,0,0,0,0,0,0,0,0,0
archiva-modules/archiva-base/archiva-indexer/src/main/java/org/apache/archiva/indexer/search/SearchResults.java,0,0,0,0,0,0,0,0,0,0,0,0,0,0,0,0,0,0,0,0,0,0,0
archiva-modules/archiva-base/archiva-consumers/archiva-core-consumers/src/main/java/org/apache/maven/archiva/consumers/core/repository/RepositoryPurgeConsumer.java,0,0,0,0,0,0,0,0,0,0,0,0,0,0,0,0,0,0,0,0,0,0,0
archiva-modules/archiva-web/archiva-rss/src/main/java/org/apache/archiva/rss/processor/NewVersionsOfArtifactRssFeedProcessor.java,0,0,0,0,0,0,0,0,0,0,0,0,0,0,0,0,0,0,0,0,0,0,0
archiva-modules/archiva-base/archiva-repository-layer/src/main/java/org/apache/maven/archiva/repository/audit/AuditLog.java,0,0,0,0,0,0,0,0,0,0,0,0,0,0,0,0,0,0,0,0,0,0,0
archiva-modules/archiva-web/archiva-security/src/main/java/org/apache/maven/archiva/security/ArchivaXworkUser.java,0,0,0,0,0,0,0,0,0,0,0,0,0,0,0,0,0,0,0,0,0,0,0
archiva-modules/archiva-base/archiva-consumers/archiva-database-consumers/src/main/java/org/apache/maven/archiva/consumers/database/BytecodeStatsToDatabaseConsumer.java,0,0,0,0,0,0,0,0,0,0,0,0,0,0,0,0,0,0,0,0,0,0,0
archiva-modules/archiva-base/archiva-consumers/archiva-database-consumers/src/main/java/org/apache/maven/archiva/consumers/database/DatabaseCleanupRemoveProjectConsumer.java,0,0,0,0,0,0,0,0,0,0,0,0,0,0,0,0,0,0,0,0,0,0,0
archiva-modules/archiva-base/archiva-consumers/archiva-database-consumers/src/main/java/org/apache/maven/archiva/consumers/database/VerifyMetadataAgainstDatabaseConsumer.java,0,0,0,0,0,0,0,0,0,0,0,0,0,0,0,0,0,0,0,0,0,0,0
archiva-modules/archiva-database/src/main/java/org/apache/maven/archiva/database/updater/ArchivaArtifactConsumer.java,0,0,0,0,0,0,0,0,0,0,0,0,0,0,0,0,0,0,0,0,0,0,0
archiva-modules/archiva-database/src/main/java/org/apache/maven/archiva/database/updater/DatabaseCleanupConsumer.java,0,0,0,0,0,0,0,0,0,0,0,0,0,0,0,0,0,0,0,0,0,0,0
archiva-modules/archiva-database/src/main/java/org/apache/maven/archiva/database/updater/DatabaseUnprocessedArtifactConsumer.java,0,0,0,0,0,0,0,0,0,0,0,0,0,0,0,0,0,0,0,0,0,0,0
archiva-modules/archiva-database/src/main/java/org/apache/maven/archiva/database/updater/ProcessArchivaArtifactClosure.java,0,0,0,0,0,0,0,0,0,0,0,0,0,0,0,0,0,0,0,0,0,0,0
archiva-modules/archiva-reporting/archiva-artifact-reports/src/main/java/org/apache/maven/archiva/reporting/artifact/DuplicateArtifactsConsumer.java,0,0,0,0,0,0,0,0,0,0,0,0,0,0,0,0,0,0,0,0,0,0,0
archiva-modules/archiva-base/archiva-configuration/src/main/java/org/apache/maven/archiva/configuration/DefaultArchivaConfiguration.java,0,0,0,0,0,0,0,0,0,0,0,0,0,0,0,0,0,0,0,0,0,0,0
archiva-modules/archiva-base/archiva-configuration/src/main/java/org/apache/maven/archiva/configuration/MavenProxyPropertyLoader.java,0,0,0,0,0,0,0,0,0,0,0,0,0,0,0,0,0,0,0,0,0,0,0
archiva-modules/archiva-base/archiva-policies/src/main/java/org/apache/maven/archiva/policies/PropagateErrorsOnUpdateDownloadPolicy.java,0,0,0,0,0,0,0,0,0,0,0,0,0,0,0,0,0,0,0,0,0,0,0
archiva-modules/archiva-web/archiva-webapp/src/main/java/org/apache/maven/archiva/web/action/admin/repositories/AbstractManagedRepositoriesAction.java,0,0,0,0,0,0,0,0,0,0,0,0,0,0,0,0,0,0,0,0,0,0,0
archiva-modules/archiva-base/archiva-converter/src/main/java/org/apache/maven/archiva/converter/legacy/DefaultLegacyRepositoryConverter.java,0,0,0,0,0,0,0,0,0,0,0,0,0,0,0,0,0,0,0,0,0,0,0
archiva-modules/archiva-base/archiva-converter/src/main/java/org/apache/maven/archiva/converter/legacy/LegacyConverterArtifactConsumer.java,0,0,0,0,0,0,0,0,0,0,0,0,0,0,0,0,0,0,0,0,0,0,0
archiva-modules/archiva-base/archiva-converter/src/main/java/org/apache/maven/archiva/converter/legacy/LegacyRepositoryConverter.java,0,0,0,0,0,0,0,0,0,0,0,0,0,0,0,0,0,0,0,0,0,0,0
archiva-modules/archiva-base/archiva-policies/src/main/java/org/apache/maven/archiva/policies/PropagateErrorsDownloadPolicy.java,0,0,0,0,0,0,0,0,0,0,0,0,0,0,0,0,0,0,0,0,0,0,0
archiva-modules/archiva-reporting/archiva-project-reports/src/main/java/org/apache/maven/archiva/reporting/project/ProjectDependenciesConsumer.java,0,0,0,0,0,0,0,0,0,0,0,0,0,0,0,0,0,0,0,0,0,0,0
archiva-modules/archiva-web/archiva-webapp/src/main/java/org/apache/maven/archiva/web/action/admin/legacy/LegacyArtifactPathAction.java,0,0,0,0,0,0,0,0,0,0,0,0,0,0,0,0,0,0,0,0,0,0,0
archiva-modules/archiva-web/archiva-xmlrpc/archiva-xmlrpc-security/src/main/java/org/apache/archiva/web/xmlrpc/security/ServiceMethodsPermissionsMapping.java,0,0,0,0,0,0,0,0,0,0,0,0,0,0,0,0,0,0,0,0,0,0,0
archiva-modules/archiva-web/archiva-xmlrpc/archiva-xmlrpc-security/src/main/java/org/apache/archiva/web/xmlrpc/security/XmlRpcUserRepositories.java,0,0,0,0,0,0,0,0,0,0,0,0,0,0,0,0,0,0,0,0,0,0,0
archiva-modules/archiva-web/archiva-webapp/src/main/java/org/apache/maven/archiva/web/action/UploadAction.java,1,0,0,0,0,0,0,0,0,0,0,0,0,0,0,0,0,0,0,0,0,0,0
archiva-modules/archiva-web/archiva-xmlrpc/archiva-xmlrpc-api/src/main/java/org/apache/archiva/web/xmlrpc/api/beans/ManagedRepository.java,0,0,0,0,0,0,0,0,0,0,0,0,0,0,0,0,0,0,0,0,0,0,0
archiva-modules/archiva-web/archiva-xmlrpc/archiva-xmlrpc-api/src/main/java/org/apache/archiva/web/xmlrpc/api/beans/RemoteRepository.java,0,0,0,0,0,0,0,0,0,0,0,0,0,0,0,0,0,0,0,0,0,0,0
archiva-modules/archiva-web/archiva-xmlrpc/archiva-xmlrpc-services/src/main/java/org/apache/archiva/web/xmlrpc/services/SearchServiceImpl.java,0,1,1,0,0,0,0,0,0,0,0,0,0,0,0,0,0,0,0,0,0,0,0
archiva-modules/archiva-web/archiva-webapp/src/main/java/org/apache/maven/archiva/web/action/admin/connectors/proxy/AddProxyConnectorAction.java,0,0,0,0,0,0,0,0,0,0,0,0,0,0,0,0,0,0,0,0,0,0,0
archiva-modules/archiva-web/archiva-webapp/src/main/java/org/apache/maven/archiva/web/action/admin/connectors/proxy/EditProxyConnectorAction.java,0,0,0,1,0,0,0,0,0,0,0,0,0,0,0,0,0,0,0,0,0,0,0
archiva-modules/archiva-web/archiva-xmlrpc/archiva-xmlrpc-api/src/main/java/org/apache/archiva/web/xmlrpc/api/beans/Artifact.java,0,0,0,0,0,0,0,0,0,0,0,0,0,0,0,0,0,0,0,0,0,0,0
archiva-modules/archiva-base/archiva-proxy/src/main/java/org/apache/maven/archiva/proxy/DefaultRepositoryProxyConnectors.java,0,0,0,0,0,0,0,0,0,0,0,0,0,0,0,0,0,0,0,0,0,0,0
archiva-modules/archiva-base/archiva-configuration/src/main/java/org/apache/maven/archiva/configuration/ArchivaConfiguration.java,0,0,0,0,0,0,0,0,0,0,0,0,0,0,0,0,0,0,0,0,0,0,0
archiva-modules/archiva-base/archiva-configuration/src/main/java/org/apache/maven/archiva/configuration/ConfigurationRuntimeException.java,0,0,0,0,0,0,0,0,0,0,0,0,0,0,0,0,0,0,0,0,0,0,0
archiva-modules/archiva-base/archiva-configuration/src/main/java/org/apache/maven/archiva/configuration/IndeterminateConfigurationException.java,0,0,0,0,0,0,0,0,0,0,0,0,0,0,0,0,0,0,0,0,0,0,0
archiva-modules/archiva-base/archiva-dependency-graph/src/main/java/org/apache/maven/archiva/dependency/graph/functors/ToArtifactReferenceTransformer.java,0,0,0,0,0,0,0,0,0,0,0,0,0,0,0,0,0,0,0,0,0,0,0
archiva-modules/archiva-base/archiva-policies/src/main/java/org/apache/maven/archiva/policies/DownloadErrorPolicy.java,0,0,0,0,0,0,0,0,0,0,0,0,0,0,0,0,0,0,0,0,0,0,0
archiva-modules/archiva-base/archiva-policies/src/main/java/org/apache/maven/archiva/policies/Policy.java,0,0,0,0,0,0,0,0,0,0,0,0,0,0,0,0,0,0,0,0,0,0,0
archiva-modules/archiva-base/archiva-policies/src/main/java/org/apache/maven/archiva/policies/ProxyDownloadException.java,0,0,0,0,0,0,0,0,0,0,0,0,0,0,0,0,0,0,0,0,0,0,0
archiva-modules/archiva-base/archiva-repository-layer/src/main/java/org/apache/maven/archiva/repository/content/ArtifactClassifierMapping.java,0,0,0,0,0,0,0,0,0,0,0,0,0,0,0,0,0,0,0,0,0,0,0
archiva-modules/archiva-base/archiva-repository-layer/src/main/java/org/apache/maven/archiva/repository/events/RepositoryListener.java,0,0,0,0,0,0,0,0,0,0,0,0,0,0,0,0,0,0,0,0,0,0,0
archiva-modules/archiva-base/archiva-checksum/src/main/java/org/apache/archiva/checksum/Hex.java,0,0,0,0,0,0,0,0,0,0,0,0,0,0,0,0,0,0,0,0,0,0,0
archiva-modules/archiva-database/src/main/java/org/apache/maven/archiva/database/constraints/RangeConstraint.java,0,0,0,0,0,0,0,0,0,0,0,0,0,0,0,0,0,0,0,0,0,0,0
archiva-modules/archiva-database/src/main/java/org/apache/maven/archiva/database/constraints/RepositoryProblemByArtifactConstraint.java,0,0,0,0,0,0,0,0,0,0,0,0,0,0,0,0,0,0,0,0,0,0,0
archiva-modules/archiva-database/src/main/java/org/apache/maven/archiva/database/constraints/RepositoryProblemByGroupIdConstraint.java,0,0,0,0,0,0,0,0,0,0,0,0,0,0,0,0,0,0,0,0,0,0,0
archiva-modules/archiva-database/src/main/java/org/apache/maven/archiva/database/constraints/RepositoryProblemByRepositoryIdConstraint.java,0,0,0,0,0,0,0,0,0,0,0,0,0,0,0,0,0,0,0,0,0,0,0
archiva-modules/archiva-database/src/main/java/org/apache/maven/archiva/database/constraints/RepositoryProblemConstraint.java,0,0,0,0,0,0,0,0,0,0,0,0,0,0,0,0,0,0,0,0,0,0,0
archiva-modules/archiva-scheduled/src/main/java/org/apache/maven/archiva/scheduled/DatabaseTaskJob.java,0,0,0,0,0,0,0,0,0,0,0,0,0,0,0,0,0,0,0,0,0,0,0
archiva-modules/archiva-scheduled/src/main/java/org/apache/maven/archiva/scheduled/RepositoryTaskJob.java,0,0,0,0,0,0,0,0,0,0,0,0,0,0,0,0,0,0,0,0,0,0,0
archiva-modules/archiva-web/archiva-webapp/src/main/java/org/apache/maven/archiva/web/validator/CronExpressionValidator.java,0,0,0,0,0,0,0,0,0,0,0,0,0,0,0,0,0,0,0,0,0,0,0
archiva-modules/archiva-web/archiva-webapp/src/main/java/org/apache/maven/archiva/web/action/admin/appearance/OrganisationInfoAction.java,0,0,0,0,0,0,0,0,0,0,0,0,0,0,0,0,0,0,0,0,0,0,0
archiva-modules/archiva-web/archiva-webapp/src/main/java/org/apache/maven/archiva/web/action/admin/legacy/AddLegacyArtifactPathAction.java,0,0,0,0,0,0,0,0,0,0,0,0,0,0,0,0,0,0,0,0,0,0,0
archiva-modules/archiva-web/archiva-webapp/src/main/java/org/apache/maven/archiva/web/action/admin/connectors/proxy/DisableProxyConnectorAction.java,0,0,0,0,0,0,0,0,0,0,0,0,0,0,0,0,0,0,0,0,0,0,0
archiva-modules/archiva-web/archiva-webapp/src/main/java/org/apache/maven/archiva/web/action/admin/connectors/proxy/EnableProxyConnectorAction.java,0,0,0,0,0,0,0,0,0,0,0,0,0,0,0,0,0,0,0,0,0,0,0
archiva-modules/archiva-base/archiva-indexer/src/main/java/org/apache/archiva/indexer/search/NexusRepositorySearch.java,0,0,0,0,0,0,0,0,0,0,0,0,0,0,0,0,0,0,0,0,0,0,0
archiva-modules/archiva-base/archiva-indexer/src/main/java/org/apache/archiva/indexer/search/RepositorySearch.java,0,0,0,0,0,0,0,0,0,0,0,0,0,0,0,0,0,0,0,0,0,0,0
archiva-modules/archiva-base/archiva-indexer/src/main/java/org/apache/archiva/indexer/search/SearchResultLimits.java,0,0,0,0,0,0,0,0,0,0,0,0,0,0,0,0,0,0,0,0,0,0,0
archiva-modules/archiva-web/archiva-xmlrpc/archiva-xmlrpc-security/src/main/java/org/apache/archiva/web/xmlrpc/security/XmlRpcAuthenticator.java,0,0,0,0,1,0,0,0,0,0,0,0,0,0,0,0,0,0,0,0,0,0,0
archiva-modules/archiva-web/archiva-webdav/src/main/java/org/apache/maven/archiva/webdav/ArchivaDavLocatorFactory.java,0,0,0,0,0,0,0,0,0,0,0,0,0,0,0,0,0,0,0,0,0,0,0
archiva-modules/archiva-web/archiva-webdav/src/main/java/org/apache/maven/archiva/webdav/ArchivaDavSession.java,0,0,0,0,0,0,0,0,0,0,0,0,0,0,0,0,0,0,0,0,0,0,0
archiva-modules/archiva-web/archiva-webdav/src/main/java/org/apache/maven/archiva/webdav/util/MimeTypes.java,0,0,0,0,0,0,0,0,0,0,0,0,0,0,0,0,0,0,0,0,0,0,0
archiva-modules/archiva-base/archiva-xml-tools/src/main/java/org/apache/maven/archiva/xml/ElementTextListClosure.java,0,0,0,0,0,0,0,0,0,0,0,0,0,0,0,0,0,0,0,0,0,0,0
archiva-modules/archiva-base/archiva-xml-tools/src/main/java/org/apache/maven/archiva/xml/LatinEntities.java,0,0,0,0,0,0,0,0,0,0,0,0,0,0,0,0,0,0,0,0,0,0,0
archiva-modules/archiva-base/archiva-xml-tools/src/main/java/org/apache/maven/archiva/xml/XMLReader.java,0,0,0,0,0,0,0,0,0,0,0,0,0,0,0,0,0,0,0,0,0,0,0
archiva-modules/archiva-base/archiva-consumers/archiva-dependency-tree-consumer/src/main/java/org/apache/archiva/consumers/dependencytree/DependencyTreeGeneratorConsumer.java,0,0,0,0,0,0,0,0,0,0,0,0,0,0,0,0,0,0,0,0,0,0,0
archiva-modules/archiva-base/archiva-dependency-graph/src/main/java/org/apache/maven/archiva/dependency/graph/tasks/RefineConflictsVisitor.java,0,0,0,0,0,0,0,0,0,0,0,0,0,0,0,0,0,0,0,0,0,0,0
archiva-modules/archiva-web/archiva-webapp/src/main/java/org/apache/maven/archiva/web/mapper/RepositoryActionMapper.java,0,0,0,0,0,0,0,0,0,0,0,0,0,0,0,0,0,0,0,0,0,0,0
archiva-modules/archiva-web/archiva-webapp/src/main/java/org/apache/maven/archiva/web/startup/ArchivaStartup.java,0,0,0,0,0,1,0,0,0,0,0,0,0,0,0,0,0,0,0,0,0,0,0
archiva-modules/archiva-web/archiva-webapp/src/main/java/org/apache/maven/archiva/web/tags/DependencyTreeTag.java,0,0,0,0,0,0,0,0,0,0,0,0,0,0,0,0,0,0,0,0,0,0,0
archiva-modules/archiva-web/archiva-webapp/src/main/java/org/apache/maven/archiva/web/tags/DownloadArtifactTag.java,0,0,0,0,0,0,0,0,0,0,0,0,0,0,0,0,0,0,0,0,0,0,0
archiva-modules/archiva-web/archiva-webapp/src/main/java/org/apache/maven/archiva/web/tags/GroupIdLink.java,0,0,0,0,0,0,0,0,0,0,0,0,0,0,0,0,0,0,0,0,0,0,0
archiva-modules/archiva-web/archiva-webapp/src/main/java/org/apache/maven/archiva/web/tags/PlexusTagUtil.java,0,0,0,0,0,0,0,0,0,0,0,0,0,0,0,0,0,0,0,0,0,0,0
archiva-modules/archiva-web/archiva-webapp/src/main/java/org/apache/maven/archiva/web/util/ContextUtils.java,0,0,0,0,0,0,0,0,0,0,0,0,0,0,0,0,0,0,0,0,0,0,0
archiva-modules/archiva-web/archiva-webapp/src/main/java/org/apache/maven/archiva/web/action/admin/SchedulerAction.java,0,0,0,0,0,0,0,0,0,0,0,0,0,0,0,0,0,0,0,0,0,0,0
archiva-modules/archiva-web/archiva-webapp/src/main/java/org/apache/maven/archiva/web/action/admin/database/AddAdminDatabaseConsumerClosure.java,0,0,0,0,0,0,0,0,0,0,0,0,0,0,0,0,0,0,0,0,0,0,0
archiva-modules/archiva-web/archiva-webapp/src/main/java/org/apache/maven/archiva/web/action/admin/database/AdminDatabaseConsumerComparator.java,0,0,0,0,0,0,0,0,0,0,0,0,0,0,0,0,0,0,0,0,0,0,0
archiva-modules/archiva-web/archiva-webapp/src/main/java/org/apache/maven/archiva/web/action/admin/legacy/DeleteLegacyArtifactPathAction.java,0,0,0,0,0,0,0,0,0,0,0,0,0,0,0,0,0,0,0,0,0,0,0
archiva-modules/archiva-web/archiva-webapp/src/main/java/org/apache/maven/archiva/web/action/admin/networkproxies/NetworkProxiesAction.java,0,0,0,0,0,0,0,0,0,0,0,0,0,0,0,0,0,0,0,0,0,0,0
archiva-modules/archiva-web/archiva-webapp/src/main/java/org/apache/maven/archiva/web/action/admin/scanning/AddAdminRepoConsumerClosure.java,0,0,0,0,0,0,0,0,0,0,0,0,0,0,0,0,0,0,0,0,0,0,0
archiva-modules/archiva-web/archiva-webapp/src/main/java/org/apache/maven/archiva/web/action/admin/scanning/AdminRepositoryConsumerComparator.java,0,0,0,0,0,0,0,0,0,0,0,0,0,0,0,0,0,0,0,0,0,0,0
archiva-modules/archiva-web/archiva-webapp/src/main/java/org/apache/maven/archiva/web/action/admin/connectors/proxy/AbstractProxyConnectorFormAction.java,0,0,0,1,0,0,0,0,0,0,0,0,0,0,0,0,0,0,0,0,0,0,0
archiva-modules/archiva-web/archiva-security/src/main/java/org/apache/maven/archiva/security/ArchivaRoleConstants.java,0,0,0,0,0,0,0,0,0,0,0,0,0,0,0,0,0,0,0,0,0,0,0
archiva-modules/archiva-web/archiva-security/src/main/java/org/apache/maven/archiva/security/DefaultUserRepositories.java,0,0,0,0,0,0,0,0,0,0,0,0,0,0,0,0,0,0,0,0,0,0,0
archiva-modules/archiva-web/archiva-security/src/main/java/org/apache/maven/archiva/security/UserRepositories.java,0,0,0,0,0,0,0,0,0,0,0,0,0,0,0,0,0,0,0,0,0,0,0
archiva-modules/archiva-base/archiva-repository-layer/src/main/java/org/apache/maven/archiva/repository/metadata/RepositoryMetadataReader.java,0,0,0,0,0,0,0,0,0,0,0,0,0,0,0,0,0,0,0,0,0,0,0
archiva-modules/archiva-base/archiva-repository-layer/src/main/java/org/apache/maven/archiva/repository/content/LegacyPathParser.java,0,0,0,0,0,0,0,0,0,0,0,0,0,0,0,0,0,0,0,0,0,0,0
archiva-modules/archiva-base/archiva-repository-layer/src/main/java/org/apache/maven/archiva/repository/events/RepositoryListenerFactoryBean.java,0,0,0,0,0,0,0,0,0,0,0,0,0,0,0,0,0,0,0,0,0,0,0
archiva-modules/archiva-base/archiva-repository-layer/src/main/java/org/apache/maven/archiva/repository/metadata/RepositoryMetadataMerge.java,0,0,0,0,0,0,0,0,0,0,0,0,0,0,0,0,0,0,0,0,0,0,0
archiva-modules/archiva-base/archiva-repository-layer/src/main/java/org/apache/maven/archiva/repository/project/ProjectModelMerge.java,0,0,0,0,0,0,0,0,0,0,0,0,0,0,0,0,0,0,0,0,0,0,0
archiva-modules/archiva-base/archiva-repository-layer/src/main/java/org/apache/maven/archiva/repository/scanner/DefaultRepositoryScanner.java,0,0,0,0,0,0,0,0,0,0,0,0,0,0,0,0,0,0,0,0,0,0,0
archiva-modules/archiva-base/archiva-repository-layer/src/main/java/org/apache/maven/archiva/repository/project/filters/ProjectModelExpressionFilter.java,0,0,0,0,0,0,0,0,0,0,0,0,0,0,0,0,0,0,0,0,0,0,0
archiva-modules/archiva-base/archiva-repository-layer/src/main/java/org/apache/maven/archiva/repository/project/readers/ProjectModel300Reader.java,0,0,0,0,0,0,0,0,0,0,0,0,0,0,0,0,0,0,0,0,0,0,0
archiva-modules/archiva-base/archiva-repository-layer/src/main/java/org/apache/maven/archiva/repository/project/readers/ProjectModel400Reader.java,0,0,0,0,0,0,0,0,0,0,0,0,0,0,0,0,0,0,0,0,0,0,0
archiva-modules/archiva-base/archiva-repository-layer/src/main/java/org/apache/maven/archiva/repository/project/resolvers/ProjectModelResolverStack.java,0,0,0,0,0,0,0,0,0,0,0,0,0,0,0,0,0,0,0,0,0,0,0
archiva-modules/archiva-base/archiva-repository-layer/src/main/java/org/apache/maven/archiva/repository/project/writers/ProjectModel400Writer.java,0,0,0,0,0,0,0,0,0,0,0,0,0,0,0,0,0,0,0,0,0,0,0
archiva-modules/archiva-web/archiva-xmlrpc/archiva-xmlrpc-api/src/main/java/org/apache/archiva/web/xmlrpc/api/AdministrationService.java,0,0,0,0,0,0,0,0,0,0,0,0,0,0,0,0,0,0,0,0,0,0,0
archiva-modules/archiva-web/archiva-xmlrpc/archiva-xmlrpc-api/src/main/java/org/apache/archiva/web/xmlrpc/api/TestService.java,0,0,0,0,0,0,0,0,0,0,0,0,0,0,0,0,0,0,0,0,0,0,0
archiva-modules/archiva-web/archiva-xmlrpc/archiva-xmlrpc-services/src/main/java/org/apache/archiva/web/xmlrpc/services/PingServiceImpl.java,0,0,0,0,1,0,0,0,0,0,0,0,0,0,0,0,0,0,0,0,0,0,0
archiva-modules/archiva-base/archiva-consumers/archiva-core-consumers/src/main/java/org/apache/maven/archiva/consumers/core/MetadataUpdaterConsumer.java,0,0,0,0,0,0,0,0,0,0,0,0,0,0,0,0,0,0,0,0,0,0,0
archiva-modules/archiva-base/archiva-consumers/archiva-core-consumers/src/main/java/org/apache/maven/archiva/consumers/core/repository/DaysOldRepositoryPurge.java,0,0,0,0,0,0,1,0,0,0,0,0,0,0,0,0,0,0,0,0,0,0,0
archiva-modules/archiva-base/archiva-repository-layer/src/main/java/org/apache/maven/archiva/repository/content/AbstractDefaultRepositoryContent.java,0,0,0,0,0,0,0,0,0,0,0,0,0,0,0,0,0,0,0,0,0,0,0
archiva-modules/archiva-base/archiva-repository-layer/src/main/java/org/apache/maven/archiva/repository/content/ManagedDefaultRepositoryContent.java,0,0,0,0,0,0,0,0,0,0,0,0,0,0,0,0,0,0,0,0,0,0,0
archiva-modules/archiva-base/archiva-model/src/main/java/org/apache/maven/archiva/model/ArchivaModelCloner.java,0,0,0,0,0,0,0,0,0,0,0,0,0,0,0,0,0,0,0,0,0,0,0
archiva-modules/archiva-reporting/archiva-report-manager/src/main/java/org/apache/maven/archiva/reporting/DefaultReportingManager.java,0,0,0,0,0,0,0,0,0,0,0,0,0,0,0,0,0,0,0,0,0,0,0
archiva-modules/archiva-reporting/archiva-report-manager/src/main/java/org/apache/maven/archiva/reporting/DynamicReportSource.java,0,0,0,0,0,0,0,0,0,0,0,0,0,0,0,0,0,0,0,0,0,0,0
archiva-modules/archiva-reporting/archiva-report-manager/src/main/java/org/apache/maven/archiva/reporting/ReportingManager.java,0,0,0,0,0,0,0,0,0,0,0,0,0,0,0,0,0,0,0,0,0,0,0
archiva-modules/archiva-reporting/archiva-report-manager/src/main/java/org/apache/maven/archiva/reporting/SimpleRepositoryStatisticsReportGenerator.java,0,0,0,0,0,0,0,0,0,0,0,0,0,0,0,0,0,0,0,0,0,0,0
archiva-modules/archiva-reporting/archiva-artifact-reports/src/main/java/org/apache/maven/archiva/reporting/artifact/CorruptArtifactReport.java,0,0,0,0,0,0,0,0,0,0,0,0,0,0,0,0,0,0,0,0,0,0,0
archiva-modules/archiva-reporting/archiva-artifact-reports/src/main/java/org/apache/maven/archiva/reporting/artifact/DuplicateArtifactReport.java,0,0,0,0,0,0,0,0,0,0,0,0,0,0,0,0,0,0,0,0,0,0,0
archiva-modules/archiva-reporting/archiva-artifact-reports/src/main/java/org/apache/maven/archiva/reporting/artifact/LocationArtifactsReport.java,0,0,0,0,0,0,0,0,0,0,0,0,0,0,0,0,0,0,0,0,0,0,0
archiva-modules/archiva-reporting/archiva-artifact-reports/src/main/java/org/apache/maven/archiva/reporting/artifact/OldArtifactReport.java,0,0,0,0,0,0,0,0,0,0,0,0,0,0,0,0,0,0,0,0,0,0,0
archiva-modules/archiva-reporting/archiva-artifact-reports/src/main/java/org/apache/maven/archiva/reporting/artifact/OldSnapshotArtifactReport.java,0,0,0,0,0,0,0,0,0,0,0,0,0,0,0,0,0,0,0,0,0,0,0
archiva-modules/archiva-reporting/archiva-metadata-reports/src/main/java/org/apache/maven/archiva/reporting/metadata/MetadataReport.java,0,0,0,0,0,0,0,0,0,0,0,0,0,0,0,0,0,0,0,0,0,0,0
archiva-modules/archiva-reporting/archiva-project-reports/src/main/java/org/apache/maven/archiva/reporting/project/MissingDependenciesReport.java,0,0,0,0,0,0,0,0,0,0,0,0,0,0,0,0,0,0,0,0,0,0,0
archiva-modules/archiva-base/archiva-consumers/archiva-core-consumers/src/main/java/org/apache/maven/archiva/consumers/core/repository/AbstractRepositoryPurge.java,0,0,0,0,0,0,0,0,0,0,0,0,0,0,0,0,0,0,0,0,0,0,0
archiva-modules/archiva-base/archiva-consumers/archiva-lucene-consumers/src/main/java/org/apache/archiva/consumers/lucene/NexusIndexerConsumer.java,0,0,0,0,0,0,0,0,0,0,0,0,0,0,0,0,0,0,0,0,0,0,0
archiva-modules/archiva-base/archiva-repository-layer/src/main/java/org/apache/maven/archiva/repository/scanner/RepositoryContentConsumers.java,0,0,0,0,0,0,0,0,0,0,0,0,0,0,0,0,0,0,0,0,0,0,0
archiva-modules/archiva-base/archiva-repository-layer/src/main/java/org/apache/archiva/repository/scanner/functors/TriggerScanCompletedClosure.java,0,0,0,0,0,0,0,0,0,0,0,0,0,0,0,0,0,0,0,0,0,0,0
archiva-modules/archiva-scheduled/src/main/java/org/apache/maven/archiva/scheduled/ArchivaTaskScheduler.java,0,0,0,0,0,0,0,0,0,0,0,0,0,0,0,0,0,0,0,0,0,0,0
archiva-modules/archiva-scheduled/src/main/java/org/apache/maven/archiva/scheduled/DefaultArchivaTaskScheduler.java,0,0,0,0,0,0,0,0,0,0,0,0,0,0,0,0,0,0,0,0,0,0,0
archiva-modules/archiva-scheduled/src/main/java/org/apache/maven/archiva/scheduled/executors/ArchivaRepositoryScanningTaskExecutor.java,0,0,0,0,0,0,0,0,0,0,0,0,0,0,0,0,0,0,0,0,0,0,0
archiva-modules/archiva-scheduled/src/main/java/org/apache/maven/archiva/scheduled/tasks/RepositoryTask.java,0,0,0,0,0,0,0,0,0,0,0,0,0,0,0,0,0,0,0,0,0,0,0
archiva-modules/archiva-scheduled/src/main/java/org/apache/maven/archiva/scheduled/tasks/RepositoryTaskNameSelectionPredicate.java,0,0,0,0,0,0,0,0,0,0,0,0,0,0,0,0,0,0,0,0,0,0,0
archiva-modules/archiva-web/archiva-webdav/src/main/java/org/apache/maven/archiva/webdav/ArchivaDavResource.java,0,0,0,0,0,0,0,1,0,0,0,0,0,0,0,0,0,0,0,0,0,0,0
archiva-modules/archiva-web/archiva-webdav/src/main/java/org/apache/maven/archiva/webdav/ArchivaDavResourceFactory.java,0,0,0,0,0,0,0,0,1,1,1,0,0,0,0,0,0,0,0,0,0,0,0
archiva-modules/archiva-web/archiva-security/src/main/java/org/apache/maven/archiva/security/ArchivaServletAuthenticator.java,0,0,0,0,0,0,0,0,0,0,0,0,0,0,0,0,0,0,0,0,0,0,0
archiva-modules/archiva-web/archiva-security/src/main/java/org/apache/maven/archiva/security/ServletAuthenticator.java,0,0,0,0,0,0,0,0,0,0,0,0,0,0,0,0,0,0,0,0,0,0,0
archiva-modules/archiva-web/archiva-webapp/src/main/java/org/apache/maven/archiva/web/rss/RssFeedServlet.java,0,0,0,0,0,0,0,0,0,0,0,0,0,0,0,0,0,0,0,0,0,0,0
archiva-modules/archiva-web/archiva-webdav/src/main/java/org/apache/maven/archiva/webdav/ArchivaVirtualDavResource.java,0,0,0,0,0,0,0,0,0,0,0,0,0,0,0,0,0,0,0,0,0,0,0
archiva-modules/archiva-web/archiva-webdav/src/main/java/org/apache/maven/archiva/webdav/util/WebdavMethodUtil.java,0,0,0,0,0,0,0,0,0,0,0,0,0,0,0,0,0,0,0,0,0,0,0
archiva-modules/archiva-base/archiva-consumers/archiva-database-consumers/src/main/java/org/apache/maven/archiva/consumers/database/DatabaseCleanupRemoveArtifactConsumer.java,0,0,0,0,0,0,0,0,0,0,0,0,0,0,0,0,0,0,0,0,0,0,0
archiva-modules/archiva-base/archiva-repository-layer/src/main/java/org/apache/maven/archiva/repository/audit/AuditEvent.java,0,0,0,0,0,0,0,0,0,0,0,0,0,0,0,0,0,0,0,0,0,0,0
archiva-modules/archiva-web/archiva-webapp/src/main/java/org/apache/maven/archiva/web/action/BrowseAction.java,0,0,0,0,0,0,0,0,0,0,0,1,1,0,0,0,0,0,0,0,0,0,0
archiva-modules/archiva-web/archiva-webapp/src/main/java/org/apache/maven/archiva/web/action/DeleteArtifactAction.java,0,0,0,0,0,0,0,0,0,0,0,0,0,1,0,0,0,0,0,0,0,0,0
archiva-modules/archiva-web/archiva-webapp/src/main/java/org/apache/maven/archiva/web/action/SearchAction.java,0,0,0,0,0,0,0,0,0,0,0,0,0,0,0,0,0,0,0,0,0,0,0
archiva-modules/archiva-web/archiva-webapp/src/main/java/org/apache/maven/archiva/web/action/ShowArtifactAction.java,0,0,0,0,0,0,0,0,0,0,0,0,0,0,0,0,0,0,0,0,0,0,0
archiva-modules/archiva-web/archiva-webapp/src/main/java/org/apache/maven/archiva/web/action/admin/database/DatabaseAction.java,0,0,0,0,0,0,0,0,0,0,0,0,0,0,1,0,0,0,0,0,0,0,0
archiva-modules/archiva-web/archiva-webapp/src/main/java/org/apache/maven/archiva/web/action/admin/repositories/AbstractRepositoriesAdminAction.java,0,0,0,0,0,0,0,0,0,0,0,0,0,0,0,0,0,0,0,0,0,0,0
archiva-modules/archiva-web/archiva-webapp/src/main/java/org/apache/maven/archiva/web/action/admin/repositories/AddManagedRepositoryAction.java,0,0,0,0,0,0,0,0,0,0,0,0,0,0,0,0,0,0,0,0,0,0,0
archiva-modules/archiva-web/archiva-webapp/src/main/java/org/apache/maven/archiva/web/action/admin/repositories/AddRemoteRepositoryAction.java,0,0,0,0,0,0,0,0,0,0,0,0,0,0,0,0,0,0,0,0,0,0,0
archiva-modules/archiva-web/archiva-webapp/src/main/java/org/apache/maven/archiva/web/action/admin/repositories/DeleteManagedRepositoryAction.java,0,0,0,0,0,0,0,0,0,0,0,0,0,0,0,0,0,0,0,0,0,0,0
archiva-modules/archiva-web/archiva-webapp/src/main/java/org/apache/maven/archiva/web/action/admin/repositories/DeleteRemoteRepositoryAction.java,0,0,0,0,0,0,0,0,0,0,0,0,0,0,0,0,0,0,0,0,0,0,0
archiva-modules/archiva-web/archiva-webapp/src/main/java/org/apache/maven/archiva/web/action/admin/repositories/DeleteRepositoryGroupAction.java,0,0,0,0,0,0,0,0,0,0,0,0,0,0,0,0,0,0,0,0,0,0,0
archiva-modules/archiva-web/archiva-webapp/src/main/java/org/apache/maven/archiva/web/action/admin/repositories/EditManagedRepositoryAction.java,0,0,0,0,0,0,0,0,0,0,0,0,0,0,0,1,0,0,0,0,0,0,0
archiva-modules/archiva-web/archiva-webapp/src/main/java/org/apache/maven/archiva/web/action/admin/repositories/EditRemoteRepositoryAction.java,0,0,0,0,0,0,0,0,0,0,0,0,0,0,0,0,0,0,0,0,0,0,0
archiva-modules/archiva-web/archiva-webapp/src/main/java/org/apache/maven/archiva/web/action/admin/repositories/RepositoryGroupsAction.java,0,0,0,0,0,0,0,0,0,0,0,0,0,0,0,0,0,0,0,0,0,0,0
archiva-modules/archiva-web/archiva-webapp/src/main/java/org/apache/maven/archiva/web/action/admin/scanning/RepositoryScanningAction.java,0,0,0,0,0,0,0,0,0,0,0,0,0,0,0,0,1,0,0,0,0,0,0
archiva-modules/archiva-base/archiva-dependency-graph/src/main/java/org/apache/maven/archiva/dependency/graph/ProjectModelBasedGraphBuilder.java,0,0,0,0,0,0,0,0,0,0,0,0,0,0,0,0,0,0,0,0,0,0,0
archiva-modules/archiva-web/archiva-webdav/src/main/java/org/apache/maven/archiva/webdav/ArchivaDavSessionProvider.java,0,0,0,0,0,0,0,0,0,0,0,0,0,0,0,0,0,0,0,0,0,0,0
archiva-modules/archiva-web/archiva-webdav/src/main/java/org/apache/maven/archiva/webdav/RepositoryServlet.java,0,0,0,0,0,0,0,0,0,0,0,0,0,0,0,0,0,0,0,0,0,0,0
archiva-modules/archiva-base/archiva-dependency-graph/src/main/java/org/apache/maven/archiva/dependency/DependencyGraphFactory.java,0,0,0,0,0,0,0,0,0,0,0,0,0,0,0,0,0,0,0,0,0,0,0
archiva-modules/archiva-base/archiva-dependency-graph/src/main/java/org/apache/maven/archiva/dependency/graph/DependencyGraph.java,0,0,0,0,0,0,0,0,0,0,0,0,0,0,0,0,0,0,0,0,0,0,0
archiva-modules/archiva-base/archiva-dependency-graph/src/main/java/org/apache/maven/archiva/dependency/graph/DependencyGraphNode.java,0,0,0,0,0,0,0,0,0,0,0,0,0,0,0,0,0,0,0,0,0,0,0
archiva-modules/archiva-base/archiva-dependency-graph/src/main/java/org/apache/maven/archiva/dependency/graph/DependencyGraphUtils.java,0,0,0,0,0,0,0,0,0,0,0,0,0,0,0,0,0,0,0,0,0,0,0
archiva-modules/archiva-base/archiva-dependency-graph/src/main/java/org/apache/maven/archiva/dependency/graph/tasks/DependencyManagementApplier.java,0,0,0,0,0,0,0,0,0,0,0,0,0,0,0,0,0,0,0,0,0,0,0
archiva-modules/archiva-base/archiva-dependency-graph/src/main/java/org/apache/maven/archiva/dependency/graph/tasks/DependencyManagementStack.java,0,0,0,0,0,0,0,0,0,0,0,0,0,0,0,0,0,0,0,0,0,0,0
archiva-modules/archiva-base/archiva-dependency-graph/src/main/java/org/apache/maven/archiva/dependency/graph/tasks/FlagCyclicEdgesVisitor.java,0,0,0,0,0,0,0,0,0,0,0,0,0,0,0,0,0,0,0,0,0,0,0
archiva-modules/archiva-base/archiva-dependency-graph/src/main/java/org/apache/maven/archiva/dependency/graph/tasks/FlagExcludedEdgesVisitor.java,0,0,0,0,0,0,0,0,0,0,0,0,0,0,0,0,0,0,0,0,0,0,0
archiva-modules/archiva-base/archiva-dependency-graph/src/main/java/org/apache/maven/archiva/dependency/graph/tasks/ReduceTransitiveEdgesVisitor.java,0,0,0,0,0,0,0,0,0,0,0,0,0,0,0,0,0,0,0,0,0,0,0
archiva-modules/archiva-base/archiva-dependency-graph/src/main/java/org/apache/maven/archiva/dependency/graph/tasks/RefineConflictsTask.java,0,0,0,0,0,0,0,0,0,0,0,0,0,0,0,0,0,0,0,0,0,0,0
archiva-modules/archiva-base/archiva-dependency-graph/src/main/java/org/apache/maven/archiva/dependency/graph/tasks/UpdateScopesVisitor.java,0,0,0,0,0,0,0,0,0,0,0,0,0,0,0,0,0,0,0,0,0,0,0
archiva-modules/archiva-base/archiva-dependency-graph/src/main/java/org/apache/maven/archiva/dependency/graph/walk/WalkBreadthFirstSearch.java,0,0,0,0,0,0,0,0,0,0,0,0,0,0,0,0,0,0,0,0,0,0,0
archiva-modules/archiva-base/archiva-dependency-graph/src/main/java/org/apache/maven/archiva/dependency/graph/walk/WalkDepthFirstSearch.java,0,0,0,0,0,0,0,0,0,0,0,0,0,0,0,0,0,0,0,0,0,0,0
archiva-modules/archiva-base/archiva-consumers/archiva-consumer-api/src/main/java/org/apache/maven/archiva/consumers/RepositoryContentConsumer.java,0,0,0,0,0,0,0,0,0,0,0,0,0,0,0,0,0,0,0,0,0,0,0
archiva-modules/archiva-base/archiva-indexer/src/main/java/org/apache/archiva/indexer/search/RepositorySearchException.java,0,0,0,0,0,0,0,0,0,0,0,0,0,0,0,0,0,0,0,0,0,0,0
archiva-modules/archiva-base/archiva-indexer/src/main/java/org/apache/archiva/indexer/search/SearchFields.java,0,0,0,0,0,0,0,0,0,0,0,0,0,0,0,0,0,0,0,0,0,0,0
archiva-modules/archiva-base/archiva-repository-layer/src/main/java/org/apache/maven/archiva/repository/scanner/RepositoryScannerInstance.java,0,0,0,0,0,0,0,0,0,0,0,0,0,0,0,0,0,0,0,0,0,0,0
archiva-modules/archiva-web/archiva-webapp/src/main/java/org/apache/maven/archiva/web/tags/DownloadArtifact.java,0,0,0,0,0,0,0,0,0,0,0,0,0,0,0,0,0,0,0,0,0,0,0
archiva-modules/archiva-web/archiva-xmlrpc/archiva-xmlrpc-api/src/main/java/org/apache/archiva/web/xmlrpc/api/SearchService.java,0,0,0,0,0,0,0,0,0,0,0,0,0,0,0,0,0,0,0,0,0,0,0
archiva-modules/archiva-web/archiva-xmlrpc/archiva-xmlrpc-api/src/main/java/org/apache/archiva/web/xmlrpc/api/beans/Dependency.java,0,0,0,0,0,0,0,0,0,0,0,0,0,0,0,0,0,0,0,0,0,0,0
archiva-modules/archiva-database/src/main/java/org/apache/maven/archiva/database/browsing/RepositoryBrowsing.java,0,0,0,0,0,0,0,0,0,0,0,0,0,0,0,0,0,0,0,0,0,0,0
archiva-modules/archiva-web/archiva-webdav/src/main/java/org/apache/maven/archiva/webdav/ArchivaDavResourceLocator.java,0,0,0,0,0,0,0,0,0,0,0,0,0,0,0,0,0,0,0,0,0,0,0
archiva-modules/archiva-web/archiva-webdav/src/main/java/org/apache/maven/archiva/webdav/util/IndexWriter.java,0,0,0,0,0,0,0,0,0,0,0,0,0,0,0,0,0,0,0,0,0,0,0
archiva-modules/archiva-web/archiva-webapp/src/main/java/org/apache/maven/archiva/web/action/PlexusActionSupport.java,0,0,0,0,0,0,0,0,0,0,0,0,0,0,0,0,0,0,0,0,0,0,0
archiva-modules/archiva-base/archiva-consumers/archiva-core-consumers/src/main/java/org/apache/maven/archiva/consumers/core/repository/CleanupReleasedSnapshotsRepositoryPurge.java,0,0,0,0,0,0,0,0,0,0,0,0,0,0,0,0,0,0,0,0,0,0,0
archiva-modules/archiva-base/archiva-model/src/main/java/org/apache/maven/archiva/model/AbstractArtifactKey.java,0,0,0,0,0,0,0,0,0,0,0,0,0,0,0,0,0,0,0,0,0,0,0
archiva-modules/archiva-base/archiva-model/src/main/java/org/apache/maven/archiva/model/ArchivaArtifact.java,0,0,0,0,0,0,0,0,0,0,0,0,0,0,0,0,0,0,0,0,0,0,0
archiva-modules/archiva-database/src/main/java/org/apache/maven/archiva/database/RepositoryDatabaseEventListener.java,0,0,0,0,0,0,0,0,0,0,0,0,0,0,0,0,0,0,0,0,0,0,0
archiva-modules/archiva-base/archiva-repository-layer/src/main/java/org/apache/maven/archiva/repository/project/resolvers/ProjectModelResolutionListener.java,0,0,0,0,0,0,0,0,0,0,0,0,0,0,0,0,0,0,0,0,0,0,0
archiva-modules/archiva-database/src/main/java/org/apache/maven/archiva/database/ArchivaDAO.java,0,0,0,0,0,0,0,0,0,0,0,0,0,0,0,0,0,0,0,0,0,0,0
archiva-modules/archiva-database/src/main/java/org/apache/maven/archiva/database/RepositoryContentStatisticsDAO.java,0,0,0,0,0,0,0,0,0,0,0,0,0,0,0,0,0,0,0,0,0,0,0
archiva-modules/archiva-database/src/main/java/org/apache/maven/archiva/database/SimpleConstraint.java,0,0,0,0,0,0,0,0,0,0,0,0,0,0,0,0,0,0,0,0,0,0,0
archiva-modules/archiva-database/src/main/java/org/apache/maven/archiva/database/browsing/DefaultRepositoryBrowsing.java,0,0,0,0,0,0,0,0,0,0,0,0,0,0,0,0,0,1,1,0,0,0,0
archiva-modules/archiva-database/src/main/java/org/apache/maven/archiva/database/constraints/MostRecentRepositoryScanStatistics.java,0,0,0,0,0,0,0,0,0,0,0,0,0,0,0,0,0,0,0,0,0,0,0
archiva-modules/archiva-database/src/main/java/org/apache/maven/archiva/database/constraints/UniqueArtifactIdConstraint.java,0,0,0,0,0,0,0,0,0,0,0,0,0,0,0,0,0,0,0,0,0,0,0
archiva-modules/archiva-database/src/main/java/org/apache/maven/archiva/database/constraints/UniqueFieldConstraint.java,0,0,0,0,0,0,0,0,0,0,0,0,0,0,0,0,0,0,0,0,0,0,0
archiva-modules/archiva-database/src/main/java/org/apache/maven/archiva/database/jdo/JdoAccess.java,0,0,0,0,0,0,0,0,0,0,0,0,0,0,0,0,0,0,0,0,0,0,0
archiva-modules/archiva-database/src/main/java/org/apache/maven/archiva/database/jdo/JdoArchivaDAO.java,0,0,0,0,0,0,0,0,0,0,0,0,0,0,0,0,0,0,0,0,0,0,0
archiva-modules/archiva-database/src/main/java/org/apache/maven/archiva/database/jdo/JdoArtifactDAO.java,0,0,0,0,0,0,0,0,0,0,0,0,0,0,0,0,0,0,0,0,0,0,0
archiva-modules/archiva-database/src/main/java/org/apache/maven/archiva/database/jdo/JdoProjectModelDAO.java,0,0,0,0,0,0,0,0,0,0,0,0,0,0,0,0,0,0,0,0,0,0,0
archiva-modules/archiva-database/src/main/java/org/apache/maven/archiva/database/jdo/JdoRepositoryContentStatisticsDAO.java,0,0,0,0,0,0,0,0,0,0,0,0,0,0,0,0,0,0,0,0,0,0,0
archiva-modules/archiva-database/src/main/java/org/apache/maven/archiva/database/jdo/JdoRepositoryProblemDAO.java,0,0,0,0,0,0,0,0,0,0,0,0,0,0,0,0,0,0,0,0,0,0,0
archiva-modules/archiva-database/src/main/java/org/apache/maven/archiva/database/project/ProjectModelToDatabaseListener.java,0,0,0,0,0,0,0,0,0,0,0,0,0,0,0,0,0,0,0,0,0,0,0
archiva-modules/archiva-database/src/main/java/org/apache/maven/archiva/database/updater/DatabaseConsumers.java,0,0,0,0,0,0,0,0,0,0,0,0,0,0,0,0,0,0,0,0,0,0,0
archiva-modules/archiva-database/src/main/java/org/apache/maven/archiva/database/updater/JdoDatabaseUpdater.java,0,0,0,0,0,0,0,0,0,0,0,0,0,0,0,0,0,0,0,0,0,0,0
archiva-modules/archiva-web/archiva-webapp/src/main/java/org/apache/maven/archiva/web/action/reports/GenerateReportAction.java,0,0,0,0,0,0,0,0,0,0,0,0,0,0,0,0,0,0,0,0,0,0,0
archiva-modules/archiva-web/archiva-webapp/src/main/java/org/apache/maven/archiva/web/action/admin/repositories/RepositoriesAction.java,0,0,0,0,0,0,0,0,0,0,0,0,0,0,0,0,0,0,0,0,0,0,0
archiva-modules/archiva-web/archiva-webapp/src/main/java/org/apache/maven/archiva/web/startup/SecuritySynchronization.java,0,0,0,0,0,0,0,0,0,0,0,0,0,0,0,0,0,0,0,0,0,0,0
archiva-modules/archiva-base/archiva-consumers/archiva-core-consumers/src/main/java/org/apache/maven/archiva/consumers/core/ArtifactMissingChecksumsConsumer.java,0,0,0,0,0,0,0,0,0,0,0,0,0,0,0,0,0,0,0,0,0,0,0
archiva-modules/archiva-base/archiva-transaction/src/main/java/org/apache/maven/archiva/transaction/AbstractTransactionEvent.java,0,0,0,0,0,0,0,0,0,0,0,0,0,0,0,0,0,0,0,0,0,0,0
archiva-modules/archiva-base/archiva-transaction/src/main/java/org/apache/maven/archiva/transaction/CopyFileEvent.java,0,0,0,0,0,0,0,0,0,0,0,0,0,0,0,0,0,0,0,0,0,0,0
archiva-modules/archiva-base/archiva-transaction/src/main/java/org/apache/maven/archiva/transaction/CreateFileEvent.java,0,0,0,0,0,0,0,0,0,0,0,0,0,0,0,0,0,0,0,0,0,0,0
archiva-modules/archiva-base/archiva-transaction/src/main/java/org/apache/maven/archiva/transaction/FileTransaction.java,0,0,0,0,0,0,0,0,0,0,0,0,0,0,0,0,0,0,0,0,0,0,0
archiva-modules/archiva-web/archiva-security/src/main/java/org/apache/maven/archiva/security/ArchivaStandardRolesCheck.java,0,0,0,0,0,0,0,0,0,0,0,0,0,0,0,0,0,0,0,0,0,0,0
archiva-modules/archiva-web/archiva-webapp/src/main/java/org/apache/maven/archiva/web/action/admin/appearance/EditOrganisationInfoAction.java,0,0,0,0,0,0,0,0,0,0,0,0,0,0,0,0,0,0,0,0,0,0,0
archiva-modules/archiva-web/archiva-webapp/src/main/java/org/apache/maven/archiva/web/startup/Banner.java,0,0,0,0,0,0,0,0,0,0,0,0,0,0,0,0,0,0,0,0,0,0,0
archiva-modules/archiva-web/archiva-xmlrpc/archiva-xmlrpc-client/src/main/java/org/apache/archiva/web/xmlrpc/client/SampleClient.java,0,0,0,0,0,0,0,0,0,0,0,0,0,0,0,0,0,0,0,0,0,0,0
archiva-modules/archiva-base/archiva-consumers/archiva-database-consumers/src/main/java/org/apache/maven/archiva/consumers/database/ArtifactUpdateDatabaseConsumer.java,0,0,0,0,0,0,0,0,0,0,0,0,0,0,0,0,0,0,0,0,0,0,0
archiva-modules/archiva-base/archiva-model/src/main/java/org/apache/maven/archiva/model/AbstractProjectKey.java,0,0,0,0,0,0,0,0,0,0,0,0,0,0,0,0,0,0,0,0,0,0,0
archiva-cli/src/main/java/org/apache/maven/archiva/cli/AbstractProgressConsumer.java,0,0,0,0,0,0,0,0,0,0,0,0,0,0,0,0,0,0,0,0,0,0,0
archiva-cli/src/main/java/org/apache/maven/archiva/cli/ArchivaCli.java,0,0,0,0,0,0,0,0,0,0,0,0,0,0,0,0,0,0,0,0,0,0,0
archiva-modules/archiva-base/archiva-converter/src/main/java/org/apache/maven/archiva/converter/RepositoryConversionException.java,0,0,0,0,0,0,0,0,0,0,0,0,0,0,0,0,0,0,0,0,0,0,0
archiva-modules/archiva-base/archiva-artifact-converter/src/main/java/org/apache/maven/archiva/converter/artifact/ArtifactConversionException.java,0,0,0,0,0,0,0,0,0,0,0,0,0,0,0,0,0,0,0,0,0,0,0
archiva-modules/archiva-base/archiva-artifact-converter/src/main/java/org/apache/maven/archiva/converter/artifact/Messages.java,0,0,0,0,0,0,0,0,0,0,0,0,0,0,0,0,0,0,0,0,0,0,0
archiva-modules/archiva-base/archiva-common/src/main/java/org/apache/maven/archiva/common/ArchivaException.java,0,0,0,0,0,0,0,0,0,0,0,0,0,0,0,0,0,0,0,0,0,0,0
archiva-modules/archiva-base/archiva-common/src/main/java/org/apache/maven/archiva/common/utils/BaseFile.java,0,0,0,0,0,0,0,0,0,0,0,0,0,0,0,0,0,0,0,0,0,0,0
archiva-modules/archiva-base/archiva-common/src/main/java/org/apache/maven/archiva/common/utils/DateUtil.java,0,0,0,0,0,0,0,0,0,0,0,0,0,0,0,0,0,0,0,0,0,0,0
archiva-modules/archiva-base/archiva-common/src/main/java/org/apache/maven/archiva/common/utils/PathUtil.java,0,0,0,0,0,0,0,0,0,0,0,0,0,0,0,0,0,0,0,0,0,0,0
archiva-modules/archiva-base/archiva-common/src/main/java/org/apache/maven/archiva/common/utils/Slf4JPlexusLogger.java,0,0,0,0,0,0,0,0,0,0,0,0,0,0,0,0,0,0,0,0,0,0,0
archiva-modules/archiva-base/archiva-common/src/main/java/org/apache/maven/archiva/common/utils/VersionComparator.java,0,0,0,0,0,0,0,0,0,0,0,0,0,0,0,0,0,0,0,0,0,0,0
archiva-modules/archiva-base/archiva-common/src/main/java/org/apache/maven/archiva/common/utils/VersionUtil.java,0,0,0,0,0,0,0,0,0,0,0,0,0,0,0,0,0,0,0,0,0,0,0
archiva-modules/archiva-base/archiva-configuration/src/main/java/org/apache/maven/archiva/configuration/ConfigurationEvent.java,0,0,0,0,0,0,0,0,0,0,0,0,0,0,0,0,0,0,0,0,0,0,0
archiva-modules/archiva-base/archiva-configuration/src/main/java/org/apache/maven/archiva/configuration/ConfigurationListener.java,0,0,0,0,0,0,0,0,0,0,0,0,0,0,0,0,0,0,0,0,0,0,0
archiva-modules/archiva-base/archiva-configuration/src/main/java/org/apache/maven/archiva/configuration/ConfigurationNames.java,0,0,0,0,0,0,0,0,0,0,0,0,0,0,0,0,0,0,0,0,0,0,0
archiva-modules/archiva-base/archiva-configuration/src/main/java/org/apache/maven/archiva/configuration/FileTypes.java,0,0,0,0,0,0,0,0,0,0,0,0,0,0,0,0,0,0,0,1,0,0,0
archiva-modules/archiva-base/archiva-configuration/src/main/java/org/apache/maven/archiva/configuration/InvalidConfigurationException.java,0,0,0,0,0,0,0,0,0,0,0,0,0,0,0,0,0,0,0,0,0,0,0
archiva-modules/archiva-base/archiva-configuration/src/main/java/org/apache/maven/archiva/configuration/functors/FiletypeSelectionPredicate.java,0,0,0,0,0,0,0,0,0,0,0,0,0,0,0,0,0,0,0,0,0,0,0
archiva-modules/archiva-base/archiva-configuration/src/main/java/org/apache/maven/archiva/configuration/functors/FiletypeToMapClosure.java,0,0,0,0,0,0,0,0,0,0,0,0,0,0,0,0,0,0,0,0,0,0,0
archiva-modules/archiva-base/archiva-configuration/src/main/java/org/apache/maven/archiva/configuration/functors/NetworkProxyComparator.java,0,0,0,0,0,0,0,0,0,0,0,0,0,0,0,0,0,0,0,0,0,0,0
archiva-modules/archiva-base/archiva-configuration/src/main/java/org/apache/maven/archiva/configuration/functors/NetworkProxySelectionPredicate.java,0,0,0,0,0,0,0,0,0,0,0,0,0,0,0,0,0,0,0,0,0,0,0
archiva-modules/archiva-base/archiva-configuration/src/main/java/org/apache/maven/archiva/configuration/functors/ProxyConnectorConfigurationOrderComparator.java,0,0,0,0,0,0,0,0,0,0,0,0,0,0,0,0,0,0,0,0,0,0,0
archiva-modules/archiva-base/archiva-configuration/src/main/java/org/apache/maven/archiva/configuration/functors/ProxyConnectorSelectionPredicate.java,0,0,0,0,0,0,0,0,0,0,0,0,0,0,0,0,0,0,0,0,0,0,0
archiva-modules/archiva-base/archiva-configuration/src/main/java/org/apache/maven/archiva/configuration/functors/RepositoryConfigurationComparator.java,0,0,0,0,0,0,0,0,0,0,0,0,0,0,0,0,0,0,0,0,0,0,0
archiva-modules/archiva-base/archiva-consumers/archiva-consumer-api/src/main/java/org/apache/maven/archiva/consumers/AbstractMonitoredConsumer.java,0,0,0,0,0,0,0,0,0,0,0,0,0,0,0,0,0,0,0,0,0,0,0
archiva-modules/archiva-base/archiva-consumers/archiva-consumer-api/src/main/java/org/apache/maven/archiva/consumers/Consumer.java,0,0,0,0,0,0,0,0,0,0,0,0,0,0,0,0,0,0,0,0,0,0,0
archiva-modules/archiva-base/archiva-consumers/archiva-consumer-api/src/main/java/org/apache/maven/archiva/consumers/ConsumerException.java,0,0,0,0,0,0,0,0,0,0,0,0,0,0,0,0,0,0,0,0,0,0,0
archiva-modules/archiva-base/archiva-consumers/archiva-consumer-api/src/main/java/org/apache/maven/archiva/consumers/ConsumerMonitor.java,0,0,0,0,0,0,0,0,0,0,0,0,0,0,0,0,0,0,0,0,0,0,0
archiva-modules/archiva-base/archiva-consumers/archiva-consumer-api/src/main/java/org/apache/maven/archiva/consumers/InvalidRepositoryContentConsumer.java,0,0,0,0,0,0,0,0,0,0,0,0,0,0,0,0,0,0,0,0,0,0,0
archiva-modules/archiva-base/archiva-consumers/archiva-consumer-api/src/main/java/org/apache/maven/archiva/consumers/KnownRepositoryContentConsumer.java,0,0,0,0,0,0,0,0,0,0,0,0,0,0,0,0,0,0,0,0,0,0,0
archiva-modules/archiva-base/archiva-consumers/archiva-consumer-api/src/main/java/org/apache/maven/archiva/consumers/functors/PermanentConsumerPredicate.java,0,0,0,0,0,0,0,0,0,0,0,0,0,0,0,0,0,0,0,0,0,0,0
archiva-modules/archiva-base/archiva-consumers/archiva-core-consumers/src/main/java/org/apache/maven/archiva/consumers/core/AutoRemoveConsumer.java,0,0,0,0,0,0,0,0,0,0,0,0,0,0,0,0,0,0,0,0,0,0,0
archiva-modules/archiva-base/archiva-consumers/archiva-core-consumers/src/main/java/org/apache/maven/archiva/consumers/core/AutoRenameConsumer.java,0,0,0,0,0,0,0,0,0,0,0,0,0,0,0,0,0,0,0,0,0,0,0
archiva-modules/archiva-base/archiva-consumers/archiva-core-consumers/src/main/java/org/apache/maven/archiva/consumers/core/ValidateChecksumConsumer.java,0,0,0,0,0,0,0,0,0,0,0,0,0,0,0,0,0,0,0,0,0,0,0
archiva-modules/archiva-base/archiva-consumers/archiva-core-consumers/src/main/java/org/apache/maven/archiva/consumers/core/repository/ArtifactFilenameFilter.java,0,0,0,0,0,0,0,0,0,0,0,0,0,0,0,0,0,0,0,0,0,0,0
archiva-modules/archiva-base/archiva-consumers/archiva-core-consumers/src/main/java/org/apache/maven/archiva/consumers/core/repository/RepositoryPurge.java,0,0,0,0,0,0,0,0,0,0,0,0,0,0,0,0,0,0,0,0,0,0,0
archiva-modules/archiva-base/archiva-consumers/archiva-core-consumers/src/main/java/org/apache/maven/archiva/consumers/core/repository/RepositoryPurgeException.java,0,0,0,0,0,0,0,0,0,0,0,0,0,0,0,0,0,0,0,0,0,0,0
archiva-modules/archiva-base/archiva-consumers/archiva-core-consumers/src/main/java/org/apache/maven/archiva/consumers/core/repository/RetentionCountRepositoryPurge.java,0,0,0,0,0,0,0,0,0,0,0,0,0,0,0,0,0,0,0,0,0,0,0
archiva-modules/archiva-base/archiva-dependency-graph/src/main/java/org/apache/maven/archiva/dependency/graph/DependencyGraphBuilder.java,0,0,0,0,0,0,0,0,0,0,0,0,0,0,0,0,0,0,0,0,0,0,0
archiva-modules/archiva-base/archiva-dependency-graph/src/main/java/org/apache/maven/archiva/dependency/graph/DependencyGraphEdge.java,0,0,0,0,0,0,0,0,0,0,0,0,0,0,0,0,0,0,0,0,0,0,0
archiva-modules/archiva-base/archiva-dependency-graph/src/main/java/org/apache/maven/archiva/dependency/graph/DependencyGraphKeys.java,0,0,0,0,0,0,0,0,0,0,0,0,0,0,0,0,0,0,0,0,0,0,0
archiva-modules/archiva-base/archiva-dependency-graph/src/main/java/org/apache/maven/archiva/dependency/graph/DependencyResolutionEvent.java,0,0,0,0,0,0,0,0,0,0,0,0,0,0,0,0,0,0,0,0,0,0,0
archiva-modules/archiva-base/archiva-dependency-graph/src/main/java/org/apache/maven/archiva/dependency/graph/GraphListener.java,0,0,0,0,0,0,0,0,0,0,0,0,0,0,0,0,0,0,0,0,0,0,0
archiva-modules/archiva-base/archiva-dependency-graph/src/main/java/org/apache/maven/archiva/dependency/graph/GraphPhaseEvent.java,0,0,0,0,0,0,0,0,0,0,0,0,0,0,0,0,0,0,0,0,0,0,0
archiva-modules/archiva-base/archiva-dependency-graph/src/main/java/org/apache/maven/archiva/dependency/graph/GraphTask.java,0,0,0,0,0,0,0,0,0,0,0,0,0,0,0,0,0,0,0,0,0,0,0
archiva-modules/archiva-base/archiva-dependency-graph/src/main/java/org/apache/maven/archiva/dependency/graph/GraphTaskException.java,0,0,0,0,0,0,0,0,0,0,0,0,0,0,0,0,0,0,0,0,0,0,0
archiva-modules/archiva-base/archiva-dependency-graph/src/main/java/org/apache/maven/archiva/dependency/graph/PotentialCyclicEdgeProducer.java,0,0,0,0,0,0,0,0,0,0,0,0,0,0,0,0,0,0,0,0,0,0,0
archiva-modules/archiva-base/archiva-dependency-graph/src/main/java/org/apache/maven/archiva/dependency/graph/functors/EdgeCyclicPredicate.java,0,0,0,0,0,0,0,0,0,0,0,0,0,0,0,0,0,0,0,0,0,0,0
archiva-modules/archiva-base/archiva-dependency-graph/src/main/java/org/apache/maven/archiva/dependency/graph/functors/EdgeDisabledPredicate.java,0,0,0,0,0,0,0,0,0,0,0,0,0,0,0,0,0,0,0,0,0,0,0
archiva-modules/archiva-base/archiva-dependency-graph/src/main/java/org/apache/maven/archiva/dependency/graph/functors/EdgeExactScopePredicate.java,0,0,0,0,0,0,0,0,0,0,0,0,0,0,0,0,0,0,0,0,0,0,0
archiva-modules/archiva-base/archiva-dependency-graph/src/main/java/org/apache/maven/archiva/dependency/graph/functors/EdgeExcludedPredicate.java,0,0,0,0,0,0,0,0,0,0,0,0,0,0,0,0,0,0,0,0,0,0,0
archiva-modules/archiva-base/archiva-dependency-graph/src/main/java/org/apache/maven/archiva/dependency/graph/functors/EdgeFromPredicate.java,0,0,0,0,0,0,0,0,0,0,0,0,0,0,0,0,0,0,0,0,0,0,0
archiva-modules/archiva-base/archiva-dependency-graph/src/main/java/org/apache/maven/archiva/dependency/graph/functors/EdgeScopeClosure.java,0,0,0,0,0,0,0,0,0,0,0,0,0,0,0,0,0,0,0,0,0,0,0
archiva-modules/archiva-base/archiva-dependency-graph/src/main/java/org/apache/maven/archiva/dependency/graph/functors/EdgeToPredicate.java,0,0,0,0,0,0,0,0,0,0,0,0,0,0,0,0,0,0,0,0,0,0,0
archiva-modules/archiva-base/archiva-dependency-graph/src/main/java/org/apache/maven/archiva/dependency/graph/functors/EdgeWithinScopePredicate.java,0,0,0,0,0,0,0,0,0,0,0,0,0,0,0,0,0,0,0,0,0,0,0
archiva-modules/archiva-base/archiva-dependency-graph/src/main/java/org/apache/maven/archiva/dependency/graph/functors/NodeFromParentPredicate.java,0,0,0,0,0,0,0,0,0,0,0,0,0,0,0,0,0,0,0,0,0,0,0
archiva-modules/archiva-base/archiva-dependency-graph/src/main/java/org/apache/maven/archiva/dependency/graph/functors/NodeInEdgePredicate.java,0,0,0,0,0,0,0,0,0,0,0,0,0,0,0,0,0,0,0,0,0,0,0
archiva-modules/archiva-base/archiva-dependency-graph/src/main/java/org/apache/maven/archiva/dependency/graph/functors/NodePredicate.java,0,0,0,0,0,0,0,0,0,0,0,0,0,0,0,0,0,0,0,0,0,0,0
archiva-modules/archiva-base/archiva-dependency-graph/src/main/java/org/apache/maven/archiva/dependency/graph/functors/OrphanedNodePredicate.java,0,0,0,0,0,0,0,0,0,0,0,0,0,0,0,0,0,0,0,0,0,0,0
archiva-modules/archiva-base/archiva-dependency-graph/src/main/java/org/apache/maven/archiva/dependency/graph/functors/UnresolvedGraphNodePredicate.java,0,0,0,0,0,0,0,0,0,0,0,0,0,0,0,0,0,0,0,0,0,0,0
archiva-modules/archiva-base/archiva-dependency-graph/src/main/java/org/apache/maven/archiva/dependency/graph/tasks/AbstractReduceEdgeVisitor.java,0,0,0,0,0,0,0,0,0,0,0,0,0,0,0,0,0,0,0,0,0,0,0
archiva-modules/archiva-base/archiva-dependency-graph/src/main/java/org/apache/maven/archiva/dependency/graph/tasks/FlagCyclicEdgesTask.java,0,0,0,0,0,0,0,0,0,0,0,0,0,0,0,0,0,0,0,0,0,0,0
archiva-modules/archiva-base/archiva-dependency-graph/src/main/java/org/apache/maven/archiva/dependency/graph/tasks/FlagExcludedEdgesTask.java,0,0,0,0,0,0,0,0,0,0,0,0,0,0,0,0,0,0,0,0,0,0,0
archiva-modules/archiva-base/archiva-dependency-graph/src/main/java/org/apache/maven/archiva/dependency/graph/tasks/GraphCopier.java,0,0,0,0,0,0,0,0,0,0,0,0,0,0,0,0,0,0,0,0,0,0,0
archiva-modules/archiva-base/archiva-dependency-graph/src/main/java/org/apache/maven/archiva/dependency/graph/tasks/PopulateDependencyManagementTask.java,0,0,0,0,0,0,0,0,0,0,0,0,0,0,0,0,0,0,0,0,0,0,0
archiva-modules/archiva-base/archiva-dependency-graph/src/main/java/org/apache/maven/archiva/dependency/graph/tasks/PopulateGraphMasterTask.java,0,0,0,0,0,0,0,0,0,0,0,0,0,0,0,0,0,0,0,0,0,0,0
archiva-modules/archiva-base/archiva-dependency-graph/src/main/java/org/apache/maven/archiva/dependency/graph/tasks/ReduceEnabledEdgesTask.java,0,0,0,0,0,0,0,0,0,0,0,0,0,0,0,0,0,0,0,0,0,0,0
archiva-modules/archiva-base/archiva-dependency-graph/src/main/java/org/apache/maven/archiva/dependency/graph/tasks/ReduceEnabledEdgesVisitor.java,0,0,0,0,0,0,0,0,0,0,0,0,0,0,0,0,0,0,0,0,0,0,0
archiva-modules/archiva-base/archiva-dependency-graph/src/main/java/org/apache/maven/archiva/dependency/graph/tasks/ReduceScopeTask.java,0,0,0,0,0,0,0,0,0,0,0,0,0,0,0,0,0,0,0,0,0,0,0
archiva-modules/archiva-base/archiva-dependency-graph/src/main/java/org/apache/maven/archiva/dependency/graph/tasks/ReduceScopeVisitor.java,0,0,0,0,0,0,0,0,0,0,0,0,0,0,0,0,0,0,0,0,0,0,0
archiva-modules/archiva-base/archiva-dependency-graph/src/main/java/org/apache/maven/archiva/dependency/graph/tasks/ReduceTransitiveEdgesTask.java,0,0,0,0,0,0,0,0,0,0,0,0,0,0,0,0,0,0,0,0,0,0,0
archiva-modules/archiva-base/archiva-dependency-graph/src/main/java/org/apache/maven/archiva/dependency/graph/tasks/ResolveGraphTask.java,0,0,0,0,0,0,0,0,0,0,0,0,0,0,0,0,0,0,0,0,0,0,0
archiva-modules/archiva-base/archiva-dependency-graph/src/main/java/org/apache/maven/archiva/dependency/graph/tasks/UpdateScopesTask.java,0,0,0,0,0,0,0,0,0,0,0,0,0,0,0,0,0,0,0,0,0,0,0
archiva-modules/archiva-base/archiva-dependency-graph/src/main/java/org/apache/maven/archiva/dependency/graph/walk/BaseVisitor.java,0,0,0,0,0,0,0,0,0,0,0,0,0,0,0,0,0,0,0,0,0,0,0
archiva-modules/archiva-base/archiva-dependency-graph/src/main/java/org/apache/maven/archiva/dependency/graph/walk/DependencyGraphVisitor.java,0,0,0,0,0,0,0,0,0,0,0,0,0,0,0,0,0,0,0,0,0,0,0
archiva-modules/archiva-base/archiva-dependency-graph/src/main/java/org/apache/maven/archiva/dependency/graph/walk/DependencyGraphWalker.java,0,0,0,0,0,0,0,0,0,0,0,0,0,0,0,0,0,0,0,0,0,0,0
archiva-modules/archiva-base/archiva-model/src/main/java/org/apache/maven/archiva/model/AbstractVersionedKey.java,0,0,0,0,0,0,0,0,0,0,0,0,0,0,0,0,0,0,0,0,0,0,0
archiva-modules/archiva-base/archiva-model/src/main/java/org/apache/maven/archiva/model/ArchivaArtifactPlatformDetails.java,0,0,0,0,0,0,0,0,0,0,0,0,0,0,0,0,0,0,0,0,0,0,0
archiva-modules/archiva-base/archiva-model/src/main/java/org/apache/maven/archiva/model/CompoundKey.java,0,0,0,0,0,0,0,0,0,0,0,0,0,0,0,0,0,0,0,0,0,0,0
archiva-modules/archiva-base/archiva-model/src/main/java/org/apache/maven/archiva/model/DependencyScope.java,0,0,0,0,0,0,0,0,0,0,0,0,0,0,0,0,0,0,0,0,0,0,0
archiva-modules/archiva-base/archiva-model/src/main/java/org/apache/maven/archiva/model/Keys.java,0,0,0,0,0,0,0,0,0,0,0,0,0,0,0,0,0,0,0,0,0,0,0
archiva-modules/archiva-base/archiva-model/src/main/java/org/apache/maven/archiva/model/RepositoryProblemReport.java,0,0,0,0,0,0,0,0,0,0,0,0,0,0,0,0,0,0,0,0,0,0,0
archiva-modules/archiva-base/archiva-model/src/main/java/org/apache/maven/archiva/model/RepositoryURL.java,0,0,0,0,0,0,0,0,0,0,0,0,0,0,0,0,0,0,0,0,0,0,0
archiva-modules/archiva-base/archiva-model/src/main/java/org/apache/maven/archiva/model/functors/UnprocessedArtifactPredicate.java,0,0,0,0,0,0,0,0,0,0,0,0,0,0,0,0,0,0,0,0,0,0,0
archiva-modules/archiva-base/archiva-model/src/main/java/org/apache/maven/archiva/model/jpox/ArchivaArtifactModelKey.java,0,0,0,0,0,0,0,0,0,0,0,0,0,0,0,0,0,0,0,0,0,0,0
archiva-modules/archiva-base/archiva-model/src/main/java/org/apache/maven/archiva/model/jpox/ArchivaProjectModelKey.java,0,0,0,0,0,0,0,0,0,0,0,0,0,0,0,0,0,0,0,0,0,0,0
archiva-modules/archiva-base/archiva-model/src/main/java/org/apache/maven/archiva/model/jpox/ArchivaRepositoryMetadataKey.java,0,0,0,0,0,0,0,0,0,0,0,0,0,0,0,0,0,0,0,0,0,0,0
archiva-modules/archiva-base/archiva-model/src/main/java/org/apache/maven/archiva/model/jpox/ArtifactReferenceKey.java,0,0,0,0,0,0,0,0,0,0,0,0,0,0,0,0,0,0,0,0,0,0,0
archiva-modules/archiva-base/archiva-model/src/main/java/org/apache/maven/archiva/model/jpox/ProjectReferenceKey.java,0,0,0,0,0,0,0,0,0,0,0,0,0,0,0,0,0,0,0,0,0,0,0
archiva-modules/archiva-base/archiva-model/src/main/java/org/apache/maven/archiva/model/jpox/VersionedReferenceKey.java,0,0,0,0,0,0,0,0,0,0,0,0,0,0,0,0,0,0,0,0,0,0,0
archiva-modules/archiva-base/archiva-policies/src/main/java/org/apache/maven/archiva/policies/AbstractUpdatePolicy.java,0,0,0,0,0,0,0,0,0,0,0,0,0,0,0,0,0,0,0,0,0,0,0
archiva-modules/archiva-base/archiva-policies/src/main/java/org/apache/maven/archiva/policies/CachedFailuresPolicy.java,0,0,0,0,0,0,0,0,0,0,0,0,0,0,0,0,0,0,0,0,0,0,0
archiva-modules/archiva-base/archiva-policies/src/main/java/org/apache/maven/archiva/policies/ChecksumPolicy.java,0,0,0,0,0,0,0,0,0,0,0,0,0,0,0,0,0,0,0,0,0,0,0
archiva-modules/archiva-base/archiva-policies/src/main/java/org/apache/maven/archiva/policies/DownloadPolicy.java,0,0,0,0,0,0,0,0,0,0,0,0,0,0,0,0,0,0,0,0,0,0,0
archiva-modules/archiva-base/archiva-policies/src/main/java/org/apache/maven/archiva/policies/PolicyConfigurationException.java,0,0,0,0,0,0,0,0,0,0,0,0,0,0,0,0,0,0,0,0,0,0,0
archiva-modules/archiva-base/archiva-policies/src/main/java/org/apache/maven/archiva/policies/PolicyViolationException.java,0,0,0,0,0,0,0,0,0,0,0,0,0,0,0,0,0,0,0,0,0,0,0
archiva-modules/archiva-base/archiva-policies/src/main/java/org/apache/maven/archiva/policies/PostDownloadPolicy.java,0,0,0,0,0,0,0,0,0,0,0,0,0,0,0,0,0,0,0,0,0,0,0
archiva-modules/archiva-base/archiva-policies/src/main/java/org/apache/maven/archiva/policies/PreDownloadPolicy.java,0,0,0,0,0,0,0,0,0,0,0,0,0,0,0,0,0,0,0,0,0,0,0
archiva-modules/archiva-base/archiva-policies/src/main/java/org/apache/maven/archiva/policies/ReleasesPolicy.java,0,0,0,0,0,0,0,0,0,0,0,0,0,0,0,0,0,0,0,0,0,0,0
archiva-modules/archiva-base/archiva-policies/src/main/java/org/apache/maven/archiva/policies/SnapshotsPolicy.java,0,0,0,0,0,0,0,0,0,0,0,0,0,0,0,0,0,0,0,0,0,0,0
archiva-modules/archiva-base/archiva-policies/src/main/java/org/apache/maven/archiva/policies/urlcache/DefaultUrlFailureCache.java,0,0,0,0,0,0,0,0,0,0,0,0,0,0,0,0,0,0,0,0,0,0,0
archiva-modules/archiva-base/archiva-policies/src/main/java/org/apache/maven/archiva/policies/urlcache/UrlFailureCache.java,0,0,0,0,0,0,0,0,0,0,0,0,0,0,0,0,0,0,0,0,0,0,0
archiva-modules/archiva-base/archiva-proxy/src/main/java/org/apache/maven/archiva/proxy/NotFoundException.java,0,0,0,0,0,0,0,0,0,0,0,0,0,0,0,0,0,0,0,0,0,0,0
archiva-modules/archiva-base/archiva-proxy/src/main/java/org/apache/maven/archiva/proxy/NotModifiedException.java,0,0,0,0,0,0,0,0,0,0,0,0,0,0,0,0,0,0,0,0,0,0,0
archiva-modules/archiva-base/archiva-proxy/src/main/java/org/apache/maven/archiva/proxy/ProxyConnector.java,0,0,0,0,0,0,0,0,0,0,0,0,0,0,0,0,0,0,0,0,0,0,0
archiva-modules/archiva-base/archiva-proxy/src/main/java/org/apache/maven/archiva/proxy/ProxyConnectorOrderComparator.java,0,0,0,0,0,0,0,0,0,0,0,0,0,0,0,0,0,0,0,0,0,0,0
archiva-modules/archiva-base/archiva-proxy/src/main/java/org/apache/maven/archiva/proxy/ProxyException.java,0,0,0,0,0,0,0,0,0,0,0,0,0,0,0,0,0,0,0,0,0,0,0
archiva-modules/archiva-base/archiva-proxy/src/main/java/org/apache/maven/archiva/proxy/RepositoryProxyConnectors.java,0,0,0,0,0,0,0,0,0,0,0,0,0,0,0,0,0,0,0,0,0,0,0
archiva-modules/archiva-base/archiva-proxy/src/main/java/org/apache/maven/archiva/proxy/WagonFactory.java,0,0,0,0,0,0,0,0,0,0,0,0,0,0,0,0,0,0,0,0,0,0,0
archiva-modules/archiva-base/archiva-repository-layer/src/main/java/org/apache/maven/archiva/repository/ContentNotFoundException.java,0,0,0,0,0,0,0,0,0,0,0,0,0,0,0,0,0,0,0,0,0,0,0
archiva-modules/archiva-base/archiva-repository-layer/src/main/java/org/apache/maven/archiva/repository/ManagedRepositoryContent.java,0,0,0,0,0,0,0,0,0,0,0,0,0,0,0,0,0,0,0,0,0,0,0
archiva-modules/archiva-base/archiva-repository-layer/src/main/java/org/apache/maven/archiva/repository/RemoteRepositoryContent.java,0,0,0,0,0,0,0,0,0,0,0,0,0,0,0,0,0,0,0,0,0,0,0
archiva-modules/archiva-base/archiva-repository-layer/src/main/java/org/apache/maven/archiva/repository/RepositoryException.java,0,0,0,0,0,0,0,0,0,0,0,0,0,0,0,0,0,0,0,0,0,0,0
archiva-modules/archiva-base/archiva-repository-layer/src/main/java/org/apache/maven/archiva/repository/RepositoryNotFoundException.java,0,0,0,0,0,0,0,0,0,0,0,0,0,0,0,0,0,0,0,0,0,0,0
archiva-modules/archiva-base/archiva-repository-layer/src/main/java/org/apache/maven/archiva/repository/audit/Auditable.java,0,0,0,0,0,0,0,0,0,0,0,0,0,0,0,0,0,0,0,0,0,0,0
archiva-modules/archiva-base/archiva-repository-layer/src/main/java/org/apache/maven/archiva/repository/audit/AuditListener.java,0,0,0,0,0,0,0,0,0,0,0,0,0,0,0,0,0,0,0,0,0,0,0
archiva-modules/archiva-base/archiva-repository-layer/src/main/java/org/apache/maven/archiva/repository/connector/RepositoryConnector.java,0,0,0,0,0,0,0,0,0,0,0,0,0,0,0,0,0,0,0,0,0,0,0
archiva-modules/archiva-base/archiva-repository-layer/src/main/java/org/apache/maven/archiva/repository/content/AbstractLegacyRepositoryContent.java,0,0,0,0,0,0,0,0,0,0,0,0,0,0,0,0,0,0,0,0,0,0,0
archiva-modules/archiva-base/archiva-repository-layer/src/main/java/org/apache/maven/archiva/repository/content/ArtifactExtensionMapping.java,0,0,0,0,0,0,0,0,0,0,0,0,0,0,0,0,0,0,0,0,0,0,0
archiva-modules/archiva-base/archiva-repository-layer/src/main/java/org/apache/maven/archiva/repository/content/DefaultPathParser.java,0,0,0,0,0,0,0,0,0,0,0,0,0,0,0,0,0,0,0,0,0,0,0
archiva-modules/archiva-base/archiva-repository-layer/src/main/java/org/apache/maven/archiva/repository/content/FilenameParser.java,0,0,0,0,0,0,0,0,0,0,0,0,0,0,0,0,0,0,0,0,0,0,0
archiva-modules/archiva-base/archiva-repository-layer/src/main/java/org/apache/maven/archiva/repository/content/ManagedLegacyRepositoryContent.java,0,0,0,0,0,0,0,0,0,0,0,0,0,0,0,0,0,0,0,0,0,0,0
archiva-modules/archiva-base/archiva-repository-layer/src/main/java/org/apache/maven/archiva/repository/content/PathParser.java,0,0,0,0,0,0,0,0,0,0,0,0,0,0,0,0,0,0,0,0,0,0,0
archiva-modules/archiva-base/archiva-repository-layer/src/main/java/org/apache/maven/archiva/repository/content/RemoteDefaultRepositoryContent.java,0,0,0,0,0,0,0,0,0,0,0,0,0,0,0,0,0,0,0,0,0,0,0
archiva-modules/archiva-base/archiva-repository-layer/src/main/java/org/apache/maven/archiva/repository/content/RemoteLegacyRepositoryContent.java,0,0,0,0,0,0,0,0,0,0,0,0,0,0,0,0,0,0,0,0,0,0,0
archiva-modules/archiva-base/archiva-repository-layer/src/main/java/org/apache/maven/archiva/repository/content/RepositoryRequest.java,0,0,0,0,0,0,0,0,0,0,0,0,0,0,0,0,0,0,0,0,1,0,0
archiva-modules/archiva-base/archiva-repository-layer/src/main/java/org/apache/maven/archiva/repository/layout/LayoutException.java,0,0,0,0,0,0,0,0,0,0,0,0,0,0,0,0,0,0,0,0,0,0,0
archiva-modules/archiva-base/archiva-repository-layer/src/main/java/org/apache/maven/archiva/repository/metadata/MetadataTools.java,0,0,0,0,0,0,0,0,0,0,0,0,0,0,0,0,0,0,0,0,0,0,0
archiva-modules/archiva-base/archiva-repository-layer/src/main/java/org/apache/maven/archiva/repository/metadata/RepositoryMetadataException.java,0,0,0,0,0,0,0,0,0,0,0,0,0,0,0,0,0,0,0,0,0,0,0
archiva-modules/archiva-base/archiva-repository-layer/src/main/java/org/apache/maven/archiva/repository/metadata/RepositoryMetadataWriter.java,0,0,0,0,0,0,0,0,0,0,0,0,0,0,0,0,0,0,0,0,0,0,0
archiva-modules/archiva-base/archiva-repository-layer/src/main/java/org/apache/maven/archiva/repository/project/ProjectModelException.java,0,0,0,0,0,0,0,0,0,0,0,0,0,0,0,0,0,0,0,0,0,0,0
archiva-modules/archiva-base/archiva-repository-layer/src/main/java/org/apache/maven/archiva/repository/project/ProjectModelFilter.java,0,0,0,0,0,0,0,0,0,0,0,0,0,0,0,0,0,0,0,0,0,0,0
archiva-modules/archiva-base/archiva-repository-layer/src/main/java/org/apache/maven/archiva/repository/project/ProjectModelMonitor.java,0,0,0,0,0,0,0,0,0,0,0,0,0,0,0,0,0,0,0,0,0,0,0
archiva-modules/archiva-base/archiva-repository-layer/src/main/java/org/apache/maven/archiva/repository/project/ProjectModelResolver.java,0,0,0,0,0,0,0,0,0,0,0,0,0,0,0,0,0,0,0,0,0,0,0
archiva-modules/archiva-base/archiva-repository-layer/src/main/java/org/apache/maven/archiva/repository/project/ProjectModelResolverFactory.java,0,0,0,0,0,0,0,0,0,0,0,0,0,0,0,0,0,0,0,0,0,0,0
archiva-modules/archiva-base/archiva-repository-layer/src/main/java/org/apache/maven/archiva/repository/project/ProjectModelWriter.java,0,0,0,0,0,0,0,0,0,0,0,0,0,0,0,0,0,0,0,0,0,0,0
archiva-modules/archiva-base/archiva-repository-layer/src/main/java/org/apache/maven/archiva/repository/scanner/RepositoryScanner.java,0,0,0,0,0,0,0,0,0,0,0,0,0,0,0,0,0,0,0,0,0,0,0
archiva-modules/archiva-base/archiva-repository-layer/src/main/java/org/apache/maven/archiva/repository/scanner/RepositoryScanStatistics.java,0,0,0,0,0,0,0,0,0,0,0,0,0,0,0,0,0,0,0,0,0,0,0
archiva-modules/archiva-base/archiva-repository-layer/src/main/java/org/apache/maven/archiva/repository/project/filters/EffectiveProjectModelFilter.java,0,0,0,0,0,0,0,0,0,0,0,0,0,0,0,0,0,0,0,0,0,0,0
archiva-modules/archiva-base/archiva-repository-layer/src/main/java/org/apache/maven/archiva/repository/project/resolvers/FalseProjectResolver.java,0,0,0,0,0,0,0,0,0,0,0,0,0,0,0,0,0,0,0,0,0,0,0
archiva-modules/archiva-base/archiva-repository-layer/src/main/java/org/apache/maven/archiva/repository/project/resolvers/FilesystemBasedResolver.java,0,0,0,0,0,0,0,0,0,0,0,0,0,0,0,0,0,0,0,0,0,0,0
archiva-modules/archiva-base/archiva-repository-layer/src/main/java/org/apache/maven/archiva/repository/project/resolvers/NopProjectResolver.java,0,0,0,0,0,0,0,0,0,0,0,0,0,0,0,0,0,0,0,0,0,0,0
archiva-modules/archiva-base/archiva-repository-layer/src/main/java/org/apache/maven/archiva/repository/scanner/functors/ConsumerProcessFileClosure.java,0,0,0,0,0,0,0,0,0,0,0,0,0,0,0,0,0,0,0,0,0,0,0
archiva-modules/archiva-base/archiva-repository-layer/src/main/java/org/apache/maven/archiva/repository/scanner/functors/ConsumerWantsFilePredicate.java,0,0,0,0,0,0,0,0,0,0,0,0,0,0,0,0,0,0,0,0,0,1,0
archiva-modules/archiva-base/archiva-repository-layer/src/main/java/org/apache/maven/archiva/repository/scanner/functors/TriggerBeginScanClosure.java,0,0,0,0,0,0,0,0,0,0,0,0,0,0,0,0,0,0,0,0,0,0,0
archiva-modules/archiva-base/archiva-transaction/src/main/java/org/apache/maven/archiva/transaction/TransactionEvent.java,0,0,0,0,0,0,0,0,0,0,0,0,0,0,0,0,0,0,0,0,0,0,0
archiva-modules/archiva-base/archiva-transaction/src/main/java/org/apache/maven/archiva/transaction/TransactionException.java,0,0,0,0,0,0,0,0,0,0,0,0,0,0,0,0,0,0,0,0,0,0,0
archiva-modules/archiva-base/archiva-xml-tools/src/main/java/org/apache/maven/archiva/xml/LatinEntityResolutionReader.java,0,0,0,0,0,0,0,0,0,0,0,0,0,0,0,0,0,0,0,0,0,0,1
archiva-modules/archiva-base/archiva-xml-tools/src/main/java/org/apache/maven/archiva/xml/XMLException.java,0,0,0,0,0,0,0,0,0,0,0,0,0,0,0,0,0,0,0,0,0,0,0
archiva-modules/archiva-base/archiva-xml-tools/src/main/java/org/apache/maven/archiva/xml/XMLWriter.java,0,0,0,0,0,0,0,0,0,0,0,0,0,0,0,0,0,0,0,0,0,0,0
archiva-modules/archiva-base/archiva-checksum/src/main/java/org/apache/archiva/checksum/Checksum.java,0,0,0,0,0,0,0,0,0,0,0,0,0,0,0,0,0,0,0,0,0,0,0
archiva-modules/archiva-base/archiva-checksum/src/main/java/org/apache/archiva/checksum/ChecksumAlgorithm.java,0,0,0,0,0,0,0,0,0,0,0,0,0,0,0,0,0,0,0,0,0,0,0
archiva-modules/archiva-base/archiva-checksum/src/main/java/org/apache/archiva/checksum/ChecksummedFile.java,0,0,0,0,0,0,0,0,0,0,0,0,0,0,0,0,0,0,0,0,0,0,0
archiva-modules/archiva-database/src/main/java/org/apache/maven/archiva/database/ArchivaDatabaseException.java,0,0,0,0,0,0,0,0,0,0,0,0,0,0,0,0,0,0,0,0,0,0,0
archiva-modules/archiva-database/src/main/java/org/apache/maven/archiva/database/Constraint.java,0,0,0,0,0,0,0,0,0,0,0,0,0,0,0,0,0,0,0,0,0,0,0
archiva-modules/archiva-database/src/main/java/org/apache/maven/archiva/database/DeclarativeConstraint.java,0,0,0,0,0,0,0,0,0,0,0,0,0,0,0,0,0,0,0,0,0,0,0
archiva-modules/archiva-database/src/main/java/org/apache/maven/archiva/database/ObjectNotFoundException.java,0,0,0,0,0,0,0,0,0,0,0,0,0,0,0,0,0,0,0,0,0,0,0
archiva-modules/archiva-database/src/main/java/org/apache/maven/archiva/database/ProjectModelDAO.java,0,0,0,0,0,0,0,0,0,0,0,0,0,0,0,0,0,0,0,0,0,0,0
archiva-modules/archiva-database/src/main/java/org/apache/maven/archiva/database/browsing/BrowsingResults.java,0,0,0,0,0,0,0,0,0,0,0,0,0,0,0,0,0,0,0,0,0,0,0
archiva-modules/archiva-database/src/main/java/org/apache/maven/archiva/database/browsing/GroupIdFilter.java,0,0,0,0,0,0,0,0,0,0,0,0,0,0,0,0,0,0,0,0,0,0,0
archiva-modules/archiva-database/src/main/java/org/apache/maven/archiva/database/constraints/AbstractDeclarativeConstraint.java,0,0,0,0,0,0,0,0,0,0,0,0,0,0,0,0,0,0,0,0,0,0,0
archiva-modules/archiva-database/src/main/java/org/apache/maven/archiva/database/constraints/AbstractSimpleConstraint.java,0,0,0,0,0,0,0,0,0,0,0,0,0,0,0,0,0,0,0,0,0,0,0
archiva-modules/archiva-database/src/main/java/org/apache/maven/archiva/database/constraints/ArchivaRepositoryByUrlConstraint.java,0,0,0,0,0,0,0,0,0,0,0,0,0,0,0,0,0,0,0,0,0,0,0
archiva-modules/archiva-database/src/main/java/org/apache/maven/archiva/database/constraints/ArtifactsByChecksumConstraint.java,0,0,0,0,0,0,0,0,0,0,0,0,0,0,0,0,0,0,0,0,0,0,0
archiva-modules/archiva-database/src/main/java/org/apache/maven/archiva/database/constraints/ArtifactsByRepositoryConstraint.java,0,0,0,0,0,0,0,0,0,0,0,0,0,0,0,0,0,0,0,0,0,0,0
archiva-modules/archiva-database/src/main/java/org/apache/maven/archiva/database/constraints/ArtifactsProcessedConstraint.java,0,0,0,0,0,0,0,0,0,0,0,0,0,0,0,0,0,0,0,0,0,0,0
archiva-modules/archiva-database/src/main/java/org/apache/maven/archiva/database/constraints/ArtifactsRelatedConstraint.java,0,0,0,0,0,0,0,0,0,0,0,0,0,0,0,0,0,0,0,0,0,0,0
archiva-modules/archiva-database/src/main/java/org/apache/maven/archiva/database/constraints/ArtifactVersionsConstraint.java,0,0,0,0,0,0,0,0,0,0,0,0,0,0,0,0,0,0,0,0,0,0,0
archiva-modules/archiva-database/src/main/java/org/apache/maven/archiva/database/constraints/OlderArtifactsByAgeConstraint.java,0,0,0,0,0,0,0,0,0,0,0,0,0,0,0,0,0,0,0,0,0,0,0
archiva-modules/archiva-database/src/main/java/org/apache/maven/archiva/database/constraints/OlderSnapshotArtifactsByAgeConstraint.java,0,0,0,0,0,0,0,0,0,0,0,0,0,0,0,0,0,0,0,0,0,0,0
archiva-modules/archiva-database/src/main/java/org/apache/maven/archiva/database/constraints/ProjectsByArtifactUsageConstraint.java,0,0,0,0,0,0,0,0,0,0,0,0,0,0,0,0,0,0,0,0,0,0,0
archiva-modules/archiva-database/src/main/java/org/apache/maven/archiva/database/constraints/RecentArtifactsByAgeConstraint.java,0,0,0,0,0,0,0,0,0,0,0,0,0,0,0,0,0,0,0,0,0,0,0
archiva-modules/archiva-database/src/main/java/org/apache/maven/archiva/database/constraints/RepositoryContentStatisticsByRepositoryConstraint.java,0,0,0,0,0,0,0,0,0,0,0,0,0,0,0,0,0,0,0,0,0,0,0
archiva-modules/archiva-database/src/main/java/org/apache/maven/archiva/database/constraints/RepositoryProblemByTypeConstraint.java,0,0,0,0,0,0,0,0,0,0,0,0,0,0,0,0,0,0,0,0,0,0,0
archiva-modules/archiva-database/src/main/java/org/apache/maven/archiva/database/constraints/SqlBuilder.java,0,0,0,0,0,0,0,0,0,0,0,0,0,0,0,0,0,0,0,0,0,0,0
archiva-modules/archiva-database/src/main/java/org/apache/maven/archiva/database/constraints/UniqueGroupIdConstraint.java,0,0,0,0,0,0,0,0,0,0,0,0,0,0,0,0,0,0,0,0,0,0,0
archiva-modules/archiva-database/src/main/java/org/apache/maven/archiva/database/constraints/UniqueVersionConstraint.java,0,0,0,0,0,0,0,0,0,0,0,0,0,0,0,0,0,0,0,0,0,0,0
archiva-modules/archiva-database/src/main/java/org/apache/maven/archiva/database/project/DatabaseProjectModelResolver.java,0,0,0,0,0,0,0,0,0,0,0,0,0,0,0,0,0,0,0,0,0,0,0
archiva-modules/archiva-database/src/main/java/org/apache/maven/archiva/database/updater/DatabaseUpdater.java,0,0,0,0,0,0,0,0,0,0,0,0,0,0,0,0,0,0,0,0,0,0,0
archiva-modules/archiva-reporting/archiva-report-manager/src/main/java/org/apache/maven/archiva/reporting/ArchivaReportException.java,0,0,0,0,0,0,0,0,0,0,0,0,0,0,0,0,0,0,0,0,0,0,0
archiva-modules/archiva-reporting/archiva-report-manager/src/main/java/org/apache/maven/archiva/reporting/DataLimits.java,0,0,0,0,0,0,0,0,0,0,0,0,0,0,0,0,0,0,0,0,0,0,0
archiva-modules/archiva-reporting/archiva-report-manager/src/main/java/org/apache/maven/archiva/reporting/ReportingException.java,0,0,0,0,0,0,0,0,0,0,0,0,0,0,0,0,0,0,0,0,0,0,0
archiva-modules/archiva-reporting/archiva-report-manager/src/main/java/org/apache/maven/archiva/reporting/RepositoryProblemMonitor.java,0,0,0,0,0,0,0,0,0,0,0,0,0,0,0,0,0,0,0,0,0,0,0
archiva-modules/archiva-reporting/archiva-report-manager/src/main/java/org/apache/maven/archiva/reporting/RepositoryStatistics.java,0,0,0,0,0,0,0,0,0,0,0,0,0,0,0,0,0,0,0,0,0,0,0
archiva-modules/archiva-reporting/archiva-report-manager/src/main/java/org/apache/maven/archiva/reporting/RepositoryStatisticsReportGenerator.java,0,0,0,0,0,0,0,0,0,0,0,0,0,0,0,0,0,0,0,0,0,0,0
archiva-modules/archiva-reporting/archiva-metadata-reports/src/main/java/org/apache/maven/archiva/reporting/metadata/MetadataValidateConsumer.java,0,0,0,0,0,0,0,0,0,0,0,0,0,0,0,0,0,0,0,0,0,0,0
archiva-modules/archiva-scheduled/src/main/java/org/apache/maven/archiva/scheduled/executors/ArchivaDatabaseUpdateTaskExecutor.java,0,0,0,0,0,0,0,0,0,0,0,0,0,0,0,0,0,0,0,0,0,0,0
archiva-modules/archiva-scheduled/src/main/java/org/apache/maven/archiva/scheduled/tasks/ArchivaTask.java,0,0,0,0,0,0,0,0,0,0,0,0,0,0,0,0,0,0,0,0,0,0,0
archiva-modules/archiva-scheduled/src/main/java/org/apache/maven/archiva/scheduled/tasks/DatabaseTask.java,0,0,0,0,0,0,0,0,0,0,0,0,0,0,0,0,0,0,0,0,0,0,0
archiva-modules/archiva-scheduled/src/main/java/org/apache/maven/archiva/scheduled/tasks/RepositoryTaskSelectionPredicate.java,0,0,0,0,0,0,0,0,0,0,0,0,0,0,0,0,0,0,0,0,0,0,0
archiva-modules/archiva-web/archiva-security/src/main/java/org/apache/maven/archiva/security/AccessDeniedException.java,0,0,0,0,0,0,0,0,0,0,0,0,0,0,0,0,0,0,0,0,0,0,0
archiva-modules/archiva-web/archiva-security/src/main/java/org/apache/maven/archiva/security/ArchivaSecurityException.java,0,0,0,0,0,0,0,0,0,0,0,0,0,0,0,0,0,0,0,0,0,0,0
archiva-modules/archiva-web/archiva-security/src/main/java/org/apache/maven/archiva/security/PrincipalNotFoundException.java,0,0,0,0,0,0,0,0,0,0,0,0,0,0,0,0,0,0,0,0,0,0,0
archiva-modules/archiva-web/archiva-webapp/src/main/java/org/apache/maven/archiva/web/action/GlobalResults.java,0,0,0,0,0,0,0,0,0,0,0,0,0,0,0,0,0,0,0,0,0,0,0
archiva-modules/archiva-web/archiva-webapp/src/main/java/org/apache/maven/archiva/web/interceptor/ConfigurationInterceptor.java,0,0,0,0,0,0,0,0,0,0,0,0,0,0,0,0,0,0,0,0,0,0,0
archiva-modules/archiva-web/archiva-webapp/src/main/java/org/apache/maven/archiva/web/startup/ArchivaVersion.java,0,0,0,0,0,0,0,0,0,0,0,0,0,0,0,0,0,0,0,0,0,0,0
archiva-modules/archiva-web/archiva-webapp/src/main/java/org/apache/maven/archiva/web/startup/ResolverFactoryInit.java,0,0,0,0,0,0,0,0,0,0,0,0,0,0,0,0,0,0,0,0,0,0,0
archiva-modules/archiva-web/archiva-webapp/src/main/java/org/apache/maven/archiva/web/tags/CopyPasteSnippetTag.java,0,0,0,0,0,0,0,0,0,0,0,0,0,0,0,0,0,0,0,0,0,0,0
archiva-modules/archiva-web/archiva-webapp/src/main/java/org/apache/maven/archiva/web/tags/DependencyTree.java,0,0,0,0,0,0,0,0,0,0,0,0,0,0,0,0,0,0,0,0,0,0,0
archiva-modules/archiva-web/archiva-webapp/src/main/java/org/apache/maven/archiva/web/tags/ExpressionTool.java,0,0,0,0,0,0,0,0,0,0,0,0,0,0,0,0,0,0,0,0,0,0,0
archiva-modules/archiva-web/archiva-webapp/src/main/java/org/apache/maven/archiva/web/tags/GroupIdLinkTag.java,0,0,0,0,0,0,0,0,0,0,0,0,0,0,0,0,0,0,0,0,0,0,0
archiva-modules/archiva-web/archiva-webapp/src/main/java/org/apache/maven/archiva/web/validator/IntervalValidator.java,0,0,0,0,0,0,0,0,0,0,0,0,0,0,0,0,0,0,0,0,0,0,0
archiva-modules/archiva-web/archiva-webapp/src/main/java/org/apache/maven/archiva/web/validator/SyncedRepositoryValidator.java,0,0,0,0,0,0,0,0,0,0,0,0,0,0,0,0,0,0,0,0,0,0,0
archiva-modules/archiva-web/archiva-webapp/src/main/java/org/apache/maven/archiva/web/action/admin/appearance/AbstractAppearanceAction.java,0,0,0,0,0,0,0,0,0,0,0,0,0,0,0,0,0,0,0,0,0,0,0
archiva-modules/archiva-web/archiva-webapp/src/main/java/org/apache/maven/archiva/web/action/admin/database/AdminDatabaseConsumer.java,0,0,0,0,0,0,0,0,0,0,0,0,0,0,0,0,0,0,0,0,0,0,0
archiva-modules/archiva-web/archiva-webapp/src/main/java/org/apache/maven/archiva/web/action/admin/networkproxies/ConfigureNetworkProxyAction.java,0,0,0,0,0,0,0,0,0,0,0,0,0,0,0,0,0,0,0,0,0,0,0
archiva-modules/archiva-web/archiva-webapp/src/main/java/org/apache/maven/archiva/web/action/admin/repositories/AbstractRemoteRepositoriesAction.java,0,0,0,0,0,0,0,0,0,0,0,0,0,0,0,0,0,0,0,0,0,0,0
archiva-modules/archiva-web/archiva-webapp/src/main/java/org/apache/maven/archiva/web/action/admin/repositories/SortRepositoriesAction.java,0,0,0,0,0,0,0,0,0,0,0,0,0,0,0,0,0,0,0,0,0,0,0
archiva-modules/archiva-web/archiva-webapp/src/main/java/org/apache/maven/archiva/web/action/admin/scanning/AdminRepositoryConsumer.java,0,0,0,0,0,0,0,0,0,0,0,0,0,0,0,0,0,0,0,0,0,0,0
archiva-modules/archiva-web/archiva-webapp/src/main/java/org/apache/maven/archiva/web/action/admin/connectors/proxy/AbstractProxyConnectorAction.java,0,0,0,0,0,0,0,0,0,0,0,0,0,0,0,0,0,0,0,0,0,0,0
archiva-modules/archiva-web/archiva-webapp/src/main/java/org/apache/maven/archiva/web/action/admin/connectors/proxy/DeleteProxyConnectorAction.java,0,0,0,0,0,0,0,0,0,0,0,0,0,0,0,0,0,0,0,0,0,0,0
archiva-modules/archiva-web/archiva-webapp/src/main/java/org/apache/maven/archiva/web/action/admin/connectors/proxy/ProxyConnectorsAction.java,0,0,0,0,0,0,0,0,0,0,0,0,0,0,0,0,0,0,0,0,0,0,0
archiva-modules/archiva-web/archiva-webapp/src/main/java/org/apache/maven/archiva/web/action/admin/connectors/proxy/SortProxyConnectorsAction.java,0,0,0,0,0,0,0,0,0,0,0,0,0,0,0,0,0,0,0,0,0,0,0
archiva-modules/archiva-web/archiva-webdav/src/main/java/org/apache/maven/archiva/webdav/BrowserRedirectException.java,0,0,0,0,0,0,0,0,0,0,0,0,0,0,0,0,0,0,0,0,0,0,0
archiva-modules/archiva-web/archiva-webdav/src/main/java/org/apache/maven/archiva/webdav/LogicalResource.java,0,0,0,0,0,0,0,0,0,0,0,0,0,0,0,0,0,0,0,0,0,0,0
archiva-modules/archiva-web/archiva-webdav/src/main/java/org/apache/maven/archiva/webdav/RepositoryLocator.java,0,0,0,0,0,0,0,0,0,0,0,0,0,0,0,0,0,0,0,0,0,0,0
archiva-modules/archiva-web/archiva-webdav/src/main/java/org/apache/maven/archiva/webdav/UnauthorizedDavException.java,0,0,0,0,0,0,0,0,0,0,0,0,0,0,0,0,0,0,0,0,0,0,0
archiva-modules/archiva-web/archiva-webdav/src/main/java/org/apache/maven/archiva/webdav/util/RepositoryPathUtil.java,0,0,0,0,0,0,0,0,0,0,0,0,0,0,0,0,0,0,0,0,0,0,0
archiva-modules/archiva-web/archiva-rss/src/main/java/org/apache/archiva/rss/RssFeedEntry.java,0,0,0,0,0,0,0,0,0,0,0,0,0,0,0,0,0,0,0,0,0,0,0
archiva-modules/archiva-web/archiva-rss/src/main/java/org/apache/archiva/rss/RssFeedGenerator.java,0,0,0,0,0,0,0,0,0,0,0,0,0,0,0,0,0,0,0,0,0,0,0
archiva-modules/archiva-web/archiva-rss/src/main/java/org/apache/archiva/rss/processor/AbstractArtifactsRssFeedProcessor.java,0,0,0,0,0,0,0,0,0,0,0,0,0,0,0,0,0,0,0,0,0,0,0
archiva-modules/archiva-web/archiva-rss/src/main/java/org/apache/archiva/rss/processor/NewArtifactsRssFeedProcessor.java,0,0,0,0,0,0,0,0,0,0,0,0,0,0,0,0,0,0,0,0,0,0,0
archiva-modules/archiva-web/archiva-rss/src/main/java/org/apache/archiva/rss/processor/RssFeedProcessor.java,0,0,0,0,0,0,0,0,0,0,0,0,0,0,0,0,0,0,0,0,0,0,0
